title,model,field_published_stock_code,field_product_type,field_product_category,field_original_publication_date,field_published_in_us,field_published_in_mexico,field_published_in_india,field_published_in_china,field_published_in_uk,field_published_in_germany,field_published_in_italy,field_published_in_spain,field_published_in_france,field_revision,field_outside_dia_bd_spe_in,field_outside_dia_in,field_outside_dia_mm,field_outside_dia_cm,field_out_dia_tol_bld_spc_in,field_out_dia_tol_in,field_out_dia_tol_mm,field_out_dia_tol_cm,field_hole_dia_bd_spe_in,field_hole_dia_in,field_hole_dia_mm,field_hole_dia_cm,field_rod_dia_bd_spe_in,field_rod_dia_in,field_rod_dia_mm,field_rod_dia_cm,field_rod_dia_tole_bd_spe_in,field_rod_dia_tole_in,field_rod_dia_tole_mm,field_rod_dia_tole_cm,field_free_len_bd_spe_in,field_free_len_in,field_free_len_mm,field_free_len_cm,field_free_len_tole_bd_spe_in,field_free_len_tole_in,field_free_len_tole_mm,field_free_len_tole_cm,field_rate_bd_spe_lb_in,field_rate_lb_in,field_rate_n_mm,field_rate_n_cm,field_rate_kg_mm,field_rate_kg_cm,field_rate_gm_mm,field_rate_gm_cm,field_rate_tole_bd_spe_lb_in,field_rate_tole_lb_in,field_rate_tole_n_mm,field_rate_tole_n_cm,field_rate_tole_kg_mm,field_rate_tole_kg_cm,field_rate_tole_gm_mm,field_rate_tole_gm_cm,field_solid_height_bd_spe_in,field_solid_height_in,field_solid_height_mm,field_solid_height_cm,field_wire_dia_bd_spe_in,field_wire_dia_in,field_wire_dia_mm,field_wire_dia_cm,field_material,field_material_short_description,field_load_at_solid_height_bd_lb,field_load_at_solid_height_lb,field_load_at_solid_height_n,field_load_at_solid_height_kg,field_load_at_solid_height_gm,field_end,field_direction_of_wind,field_active_coils_bd_spe,field_active_coils,field_active_coils_tole_bd_spe,field_active_coils_tole,field_total_coils_bd_spe,field_total_coils,field_finish,field_spring_type,field_product_series,field_material_specification,field_inside_dia_bd_spe_in,field_inside_dia_in,field_inside_dia_mm,field_inside_dia_cm,field_ins_dia_tol_bld_spec_in,field_field_inside_dia_tol_in,field_field_inside_dia_tol_mm,field_field_inside_dia_tol_cm,field_color,field_weight_per_item_lb
LC 051E 01 S,LC 051E 01 S,LC051E01S,Compression Spring,Stock,,No,Yes,Yes,Yes,Yes,Yes,Yes,Yes,Yes,NR,0.36,0.36,9.14,0.914,+/-0.008,+/-0.008,+/-0.2,+/-0.02,0.375,0.375,9.53,0.953,0.246,0.246,6.25,0.625,MIN,MIN,MIN,MIN,0.438,0.438,11.13,1.113,0.018,0.018,0.46,0.046,106.4,106.4,18.634,186.34,1.9001,19.001,1900.09,19000.9,10.64,10.64,1.8634,18.634,0.19001,1.9001,190.009,1900.09,0.246,0.246,6.25,0.625,0.051,0.051,1.3,0.13,Stainless Steel,SS,21.2415,21.242,94.49,9.635,9635.14,Squared and Ground,Factory Option,2.6938,2.6938,Reference,Reference,4.69,4.69,Passivate per ASTM A967,1,Standard Compression Series (inch),ASTM A313,0.258,0.258,6.55,0.655,Reference,Reference,Reference,Reference,,0.0028336
LC 051E 01 S316,LC 051E 01 S316,LC051E01S316,Compression Spring,Stock,,No,Yes,Yes,Yes,Yes,Yes,Yes,Yes,Yes,NR,0.36,0.36,9.14,0.914,+/-0.008,+/-0.008,+/-0.2,+/-0.02,0.375,0.375,9.53,0.953,0.246,0.246,6.25,0.625,MIN,MIN,MIN,MIN,0.438,0.438,11.13,1.113,0.018,0.018,0.46,0.046,106.4,106.4,18.634,186.34,1.9001,19.001,1900.09,19000.9,10.64,10.64,1.8634,18.634,0.19001,1.9001,190.009,1900.09,0.246,0.246,6.25,0.625,0.051,0.051,1.3,0.13,Stainless Steel Type 316,SS316,21.2415,21.242,94.49,9.635,9635.14,Squared and Ground,Factory Option,2.6938,2.6938,Reference,Reference,4.69,4.69,Passivate per ASTM A967,1,Standard Compression Series (inch),ASTM A313,0.258,0.258,6.55,0.655,Reference,Reference,Reference,Reference,,0.0028336
LC 051E 02 M,LC 051E 02 M,LC051E02M,Compression Spring,Stock,,No,Yes,Yes,Yes,Yes,Yes,Yes,Yes,Yes,NR,0.36,0.36,9.14,0.914,+/-0.008,+/-0.008,+/-0.2,+/-0.02,0.375,0.375,9.53,0.953,0.246,0.246,6.25,0.625,MIN,MIN,MIN,MIN,0.5,0.5,12.7,1.27,0.018,0.018,0.46,0.046,107.8,107.8,18.879,188.79,1.9251,19.251,1925.09,19250.9,10.78,10.78,1.8879,18.879,0.19251,1.9251,192.509,1925.09,0.272,0.272,6.91,0.691,0.051,0.051,1.3,0.13,Music Wire,MW,25.5,25.5,113.43,11.567,11566.8,Squared and Ground,Factory Option,3.1906,3.1906,Reference,Reference,5.19,5.19,Zinc Plate and Bake per ASTM B633,1,Standard Compression Series (inch),ASTM A228,0.258,0.258,6.55,0.655,Reference,Reference,Reference,Reference,,0.003075
LC 051E 02 S,LC 051E 02 S,LC051E02S,Compression Spring,Stock,,No,Yes,Yes,Yes,Yes,Yes,Yes,Yes,Yes,NR,0.36,0.36,9.14,0.914,+/-0.008,+/-0.008,+/-0.2,+/-0.02,0.375,0.375,9.53,0.953,0.246,0.246,6.25,0.625,MIN,MIN,MIN,MIN,0.5,0.5,12.7,1.27,0.018,0.018,0.46,0.046,89.8,89.8,15.727,157.27,1.6036,16.036,1603.65,16036.5,8.98,8.98,1.5727,15.727,0.16036,1.6036,160.365,1603.65,0.272,0.272,6.91,0.691,0.051,0.051,1.3,0.13,Stainless Steel,SS,21.2415,21.242,94.49,9.635,9635.14,Squared and Ground,Factory Option,3.1918,3.1918,Reference,Reference,5.19,5.19,Passivate per ASTM A967,1,Standard Compression Series (inch),ASTM A313,0.258,0.258,6.55,0.655,Reference,Reference,Reference,Reference,,0.0031342
LC 051E 02 S316,LC 051E 02 S316,LC051E02S316,Compression Spring,Stock,,No,Yes,Yes,Yes,Yes,Yes,Yes,Yes,Yes,NR,0.36,0.36,9.14,0.914,+/-0.008,+/-0.008,+/-0.2,+/-0.02,0.375,0.375,9.53,0.953,0.246,0.246,6.25,0.625,MIN,MIN,MIN,MIN,0.5,0.5,12.7,1.27,0.018,0.018,0.46,0.046,89.8,89.8,15.727,157.27,1.6036,16.036,1603.65,16036.5,8.98,8.98,1.5727,15.727,0.16036,1.6036,160.365,1603.65,0.272,0.272,6.91,0.691,0.051,0.051,1.3,0.13,Stainless Steel Type 316,SS316,21.2415,21.242,94.49,9.635,9635.14,Squared and Ground,Factory Option,3.1918,3.1918,Reference,Reference,5.19,5.19,Passivate per ASTM A967,1,Standard Compression Series (inch),ASTM A313,0.258,0.258,6.55,0.655,Reference,Reference,Reference,Reference,,0.0031342
LC 051E 03 M,LC 051E 03 M,LC051E03M,Compression Spring,Stock,,No,Yes,Yes,Yes,Yes,Yes,Yes,Yes,Yes,NR,0.36,0.36,9.14,0.914,+/-0.008,+/-0.008,+/-0.2,+/-0.02,0.375,0.375,9.53,0.953,0.246,0.246,6.25,0.625,MIN,MIN,MIN,MIN,0.563,0.563,14.3,1.43,0.02,0.02,0.51,0.051,93.3,93.3,16.34,163.4,1.6662,16.662,1666.15,16661.5,9.33,9.33,1.634,16.34,0.16662,1.6662,166.615,1666.15,0.298,0.298,7.57,0.757,0.051,0.051,1.3,0.13,Music Wire,MW,25.5,25.5,113.43,11.567,11566.8,Squared and Ground,Factory Option,3.6865,3.6865,Reference,Reference,5.69,5.69,Zinc Plate and Bake per ASTM B633,1,Standard Compression Series (inch),ASTM A228,0.258,0.258,6.55,0.655,Reference,Reference,Reference,Reference,,0.0033687
LC 051E 03 S,LC 051E 03 S,LC051E03S,Compression Spring,Stock,,No,Yes,Yes,Yes,Yes,Yes,Yes,Yes,Yes,NR,0.36,0.36,9.14,0.914,+/-0.008,+/-0.008,+/-0.2,+/-0.02,0.375,0.375,9.53,0.953,0.246,0.246,6.25,0.625,MIN,MIN,MIN,MIN,0.563,0.563,14.3,1.43,0.02,0.02,0.51,0.051,77.7,77.7,13.608,136.08,1.3876,13.876,1387.57,13875.7,7.77,7.77,1.3608,13.608,0.13876,1.3876,138.757,1387.57,0.298,0.298,7.57,0.757,0.051,0.051,1.3,0.13,Stainless Steel,SS,21.2415,21.242,94.49,9.635,9635.14,Squared and Ground,Factory Option,3.6888,3.6888,Reference,Reference,5.69,5.69,Passivate per ASTM A967,1,Standard Compression Series (inch),ASTM A313,0.258,0.258,6.55,0.655,Reference,Reference,Reference,Reference,,0.0034343
LC 051E 03 S316,LC 051E 03 S316,LC051E03S316,Compression Spring,Stock,,No,Yes,Yes,Yes,Yes,Yes,Yes,Yes,Yes,NR,0.36,0.36,9.14,0.914,+/-0.008,+/-0.008,+/-0.2,+/-0.02,0.375,0.375,9.53,0.953,0.246,0.246,6.25,0.625,MIN,MIN,MIN,MIN,0.563,0.563,14.3,1.43,0.02,0.02,0.51,0.051,77.7,77.7,13.608,136.08,1.3876,13.876,1387.57,13875.7,7.77,7.77,1.3608,13.608,0.13876,1.3876,138.757,1387.57,0.298,0.298,7.57,0.757,0.051,0.051,1.3,0.13,Stainless Steel Type 316,SS316,21.2415,21.242,94.49,9.635,9635.14,Squared and Ground,Factory Option,3.6888,3.6888,Reference,Reference,5.69,5.69,Passivate per ASTM A967,1,Standard Compression Series (inch),ASTM A313,0.258,0.258,6.55,0.655,Reference,Reference,Reference,Reference,,0.0034343
LC 051E 04 M,LC 051E 04 M,LC051E04M,Compression Spring,Stock,,No,Yes,Yes,Yes,Yes,Yes,Yes,Yes,Yes,NR,0.36,0.36,9.14,0.914,+/-0.008,+/-0.008,+/-0.2,+/-0.02,0.375,0.375,9.53,0.953,0.246,0.246,6.25,0.625,MIN,MIN,MIN,MIN,0.625,0.625,15.88,1.588,0.02,0.02,0.51,0.051,82.1,82.1,14.378,143.78,1.4661,14.661,1466.14,14661.4,8.21,8.21,1.4378,14.378,0.14661,1.4661,146.614,1466.14,0.325,0.325,8.26,0.826,0.051,0.051,1.3,0.13,Music Wire,MW,25.5,25.5,113.43,11.567,11566.8,Squared and Ground,Factory Option,4.1894,4.1894,Reference,Reference,6.19,6.19,Zinc Plate and Bake per ASTM B633,1,Standard Compression Series (inch),ASTM A228,0.258,0.258,6.55,0.655,Reference,Reference,Reference,Reference,,0.0036666
LC 051E 04 S,LC 051E 04 S,LC051E04S,Compression Spring,Stock,,No,Yes,Yes,Yes,Yes,Yes,Yes,Yes,Yes,NR,0.36,0.36,9.14,0.914,+/-0.008,+/-0.008,+/-0.2,+/-0.02,0.375,0.375,9.53,0.953,0.246,0.246,6.25,0.625,MIN,MIN,MIN,MIN,0.625,0.625,15.88,1.588,0.02,0.02,0.51,0.051,68.3,68.3,11.962,119.62,1.2197,12.197,1219.7,12197,6.83,6.83,1.1962,11.962,0.12197,1.2197,121.97,1219.7,0.325,0.325,8.26,0.826,0.051,0.051,1.3,0.13,Stainless Steel,SS,21.2415,21.242,94.49,9.635,9635.14,Squared and Ground,Factory Option,4.1965,4.1965,Reference,Reference,6.2,6.2,Passivate per ASTM A967,1,Standard Compression Series (inch),ASTM A313,0.258,0.258,6.55,0.655,Reference,Reference,Reference,Reference,,0.0037408
LC 051E 04 S316,LC 051E 04 S316,LC051E04S316,Compression Spring,Stock,,No,Yes,Yes,Yes,Yes,Yes,Yes,Yes,Yes,NR,0.36,0.36,9.14,0.914,+/-0.008,+/-0.008,+/-0.2,+/-0.02,0.375,0.375,9.53,0.953,0.246,0.246,6.25,0.625,MIN,MIN,MIN,MIN,0.625,0.625,15.88,1.588,0.02,0.02,0.51,0.051,68.3,68.3,11.962,119.62,1.2197,12.197,1219.7,12197,6.83,6.83,1.1962,11.962,0.12197,1.2197,121.97,1219.7,0.325,0.325,8.26,0.826,0.051,0.051,1.3,0.13,Stainless Steel Type 316,SS316,21.2415,21.242,94.49,9.635,9635.14,Squared and Ground,Factory Option,4.1965,4.1965,Reference,Reference,6.2,6.2,Passivate per ASTM A967,1,Standard Compression Series (inch),ASTM A313,0.258,0.258,6.55,0.655,Reference,Reference,Reference,Reference,,0.0037408
LC 051E 05 M,LC 051E 05 M,LC051E05M,Compression Spring,Stock,,No,Yes,Yes,Yes,Yes,Yes,Yes,Yes,Yes,NR,0.36,0.36,9.14,0.914,+/-0.008,+/-0.008,+/-0.2,+/-0.02,0.375,0.375,9.53,0.953,0.246,0.246,6.25,0.625,MIN,MIN,MIN,MIN,0.688,0.688,17.48,1.748,0.022,0.022,0.56,0.056,73.4,73.4,12.855,128.55,1.3108,13.108,1310.78,13107.8,7.34,7.34,1.2855,12.855,0.13108,1.3108,131.078,1310.78,0.351,0.351,8.92,0.892,0.051,0.051,1.3,0.13,Music Wire,MW,25.5,25.5,113.43,11.567,11566.8,Squared and Ground,Factory Option,4.6859,4.6859,Reference,Reference,6.69,6.69,Zinc Plate and Bake per ASTM B633,1,Standard Compression Series (inch),ASTM A228,0.258,0.258,6.55,0.655,Reference,Reference,Reference,Reference,,0.0039608
LC 051E 05 S,LC 051E 05 S,LC051E05S,Compression Spring,Stock,,No,Yes,Yes,Yes,Yes,Yes,Yes,Yes,Yes,NR,0.36,0.36,9.14,0.914,+/-0.008,+/-0.008,+/-0.2,+/-0.02,0.375,0.375,9.53,0.953,0.246,0.246,6.25,0.625,MIN,MIN,MIN,MIN,0.688,0.688,17.48,1.748,0.022,0.022,0.56,0.056,61.1,61.1,10.701,107.01,1.0911,10.911,1091.12,10911.2,6.11,6.11,1.0701,10.701,0.10911,1.0911,109.112,1091.12,0.351,0.351,8.92,0.892,0.051,0.051,1.3,0.13,Stainless Steel,SS,21.2415,21.242,94.49,9.635,9635.14,Squared and Ground,Factory Option,4.691,4.691,Reference,Reference,6.69,6.69,Passivate per ASTM A967,1,Standard Compression Series (inch),ASTM A313,0.258,0.258,6.55,0.655,Reference,Reference,Reference,Reference,,0.0040393
LC 051E 05 S316,LC 051E 05 S316,LC051E05S316,Compression Spring,Stock,,No,Yes,Yes,Yes,Yes,Yes,Yes,Yes,Yes,NR,0.36,0.36,9.14,0.914,+/-0.008,+/-0.008,+/-0.2,+/-0.02,0.375,0.375,9.53,0.953,0.246,0.246,6.25,0.625,MIN,MIN,MIN,MIN,0.688,0.688,17.48,1.748,0.022,0.022,0.56,0.056,61.1,61.1,10.701,107.01,1.0911,10.911,1091.12,10911.2,6.11,6.11,1.0701,10.701,0.10911,1.0911,109.112,1091.12,0.351,0.351,8.92,0.892,0.051,0.051,1.3,0.13,Stainless Steel Type 316,SS316,21.2415,21.242,94.49,9.635,9635.14,Squared and Ground,Factory Option,4.691,4.691,Reference,Reference,6.69,6.69,Passivate per ASTM A967,1,Standard Compression Series (inch),ASTM A313,0.258,0.258,6.55,0.655,Reference,Reference,Reference,Reference,,0.0040393
LC 051E 06 M,LC 051E 06 M,LC051E06M,Compression Spring,Stock,,No,Yes,Yes,Yes,Yes,Yes,Yes,Yes,Yes,NR,0.36,0.36,9.14,0.914,+/-0.008,+/-0.008,+/-0.2,+/-0.02,0.375,0.375,9.53,0.953,0.246,0.246,6.25,0.625,MIN,MIN,MIN,MIN,0.75,0.75,19.05,1.905,0.024,0.024,0.61,0.061,66.2,66.2,11.594,115.94,1.1822,11.822,1182.2,11822,6.62,6.62,1.1594,11.594,0.11822,1.1822,118.22,1182.2,0.377,0.377,9.58,0.958,0.051,0.051,1.3,0.13,Music Wire,MW,25.5,25.5,113.43,11.567,11566.8,Squared and Ground,Factory Option,5.1956,5.1956,Reference,Reference,7.2,7.2,Zinc Plate and Bake per ASTM B633,1,Standard Compression Series (inch),ASTM A228,0.258,0.258,6.55,0.655,Reference,Reference,Reference,Reference,,0.0042627
LC 051E 06 S,LC 051E 06 S,LC051E06S,Compression Spring,Stock,,No,Yes,Yes,Yes,Yes,Yes,Yes,Yes,Yes,NR,0.36,0.36,9.14,0.914,+/-0.008,+/-0.008,+/-0.2,+/-0.02,0.375,0.375,9.53,0.953,0.246,0.246,6.25,0.625,MIN,MIN,MIN,MIN,0.75,0.75,19.05,1.905,0.024,0.024,0.61,0.061,55.2,55.2,9.667,96.67,0.9858,9.858,985.76,9857.6,5.52,5.52,0.9667,9.667,0.09858,0.9858,98.576,985.76,0.377,0.377,9.58,0.958,0.051,0.051,1.3,0.13,Stainless Steel,SS,21.2415,21.242,94.49,9.635,9635.14,Squared and Ground,Factory Option,5.1924,5.1924,Reference,Reference,7.19,7.19,Passivate per ASTM A967,1,Standard Compression Series (inch),ASTM A313,0.258,0.258,6.55,0.655,Reference,Reference,Reference,Reference,,0.004342
LC 051E 06 S316,LC 051E 06 S316,LC051E06S316,Compression Spring,Stock,,No,Yes,Yes,Yes,Yes,Yes,Yes,Yes,Yes,NR,0.36,0.36,9.14,0.914,+/-0.008,+/-0.008,+/-0.2,+/-0.02,0.375,0.375,9.53,0.953,0.246,0.246,6.25,0.625,MIN,MIN,MIN,MIN,0.75,0.75,19.05,1.905,0.024,0.024,0.61,0.061,55.2,55.2,9.667,96.67,0.9858,9.858,985.76,9857.6,5.52,5.52,0.9667,9.667,0.09858,0.9858,98.576,985.76,0.377,0.377,9.58,0.958,0.051,0.051,1.3,0.13,Stainless Steel Type 316,SS316,21.2415,21.242,94.49,9.635,9635.14,Squared and Ground,Factory Option,5.1924,5.1924,Reference,Reference,7.19,7.19,Passivate per ASTM A967,1,Standard Compression Series (inch),ASTM A313,0.258,0.258,6.55,0.655,Reference,Reference,Reference,Reference,,0.004342
LC 051E 07 M,LC 051E 07 M,LC051E07M,Compression Spring,Stock,,No,Yes,Yes,Yes,Yes,Yes,Yes,Yes,Yes,NR,0.36,0.36,9.14,0.914,+/-0.008,+/-0.008,+/-0.2,+/-0.02,0.375,0.375,9.53,0.953,0.246,0.246,6.25,0.625,MIN,MIN,MIN,MIN,0.813,0.813,20.65,2.065,0.026,0.026,0.66,0.066,60.4,60.4,10.578,105.78,1.0786,10.786,1078.62,10786.2,6.04,6.04,1.0578,10.578,0.10786,1.0786,107.862,1078.62,0.403,0.403,10.24,1.024,0.051,0.051,1.3,0.13,Music Wire,MW,25.5,25.5,113.43,11.567,11566.8,Squared and Ground,Factory Option,5.6945,5.6945,Reference,Reference,7.69,7.69,Zinc Plate and Bake per ASTM B633,1,Standard Compression Series (inch),ASTM A228,0.258,0.258,6.55,0.655,Reference,Reference,Reference,Reference,,0.0045583
LC 051E 07 S,LC 051E 07 S,LC051E07S,Compression Spring,Stock,,No,Yes,Yes,Yes,Yes,Yes,Yes,Yes,Yes,NR,0.36,0.36,9.14,0.914,+/-0.008,+/-0.008,+/-0.2,+/-0.02,0.375,0.375,9.53,0.953,0.246,0.246,6.25,0.625,MIN,MIN,MIN,MIN,0.813,0.813,20.65,2.065,0.026,0.026,0.66,0.066,50.3,50.3,8.809,88.09,0.8983,8.983,898.26,8982.6,5.03,5.03,0.8809,8.809,0.08983,0.8983,89.826,898.26,0.403,0.403,10.24,1.024,0.051,0.051,1.3,0.13,Stainless Steel,SS,21.2415,21.242,94.49,9.635,9635.14,Squared and Ground,Factory Option,5.6983,5.6983,Reference,Reference,7.7,7.7,Passivate per ASTM A967,1,Standard Compression Series (inch),ASTM A313,0.258,0.258,6.55,0.655,Reference,Reference,Reference,Reference,,0.0046474
LC 051E 07 S316,LC 051E 07 S316,LC051E07S316,Compression Spring,Stock,,No,Yes,Yes,Yes,Yes,Yes,Yes,Yes,Yes,NR,0.36,0.36,9.14,0.914,+/-0.008,+/-0.008,+/-0.2,+/-0.02,0.375,0.375,9.53,0.953,0.246,0.246,6.25,0.625,MIN,MIN,MIN,MIN,0.813,0.813,20.65,2.065,0.026,0.026,0.66,0.066,50.3,50.3,8.809,88.09,0.8983,8.983,898.26,8982.6,5.03,5.03,0.8809,8.809,0.08983,0.8983,89.826,898.26,0.403,0.403,10.24,1.024,0.051,0.051,1.3,0.13,Stainless Steel Type 316,SS316,21.2415,21.242,94.49,9.635,9635.14,Squared and Ground,Factory Option,5.6983,5.6983,Reference,Reference,7.7,7.7,Passivate per ASTM A967,1,Standard Compression Series (inch),ASTM A313,0.258,0.258,6.55,0.655,Reference,Reference,Reference,Reference,,0.0046474
LC 051E 08 M,LC 051E 08 M,LC051E08M,Compression Spring,Stock,,No,Yes,Yes,Yes,Yes,Yes,Yes,Yes,Yes,NR,0.36,0.36,9.14,0.914,+/-0.008,+/-0.008,+/-0.2,+/-0.02,0.375,0.375,9.53,0.953,0.246,0.246,6.25,0.625,MIN,MIN,MIN,MIN,0.875,0.875,22.23,2.223,0.028,0.028,0.71,0.071,55.5,55.5,9.72,97.2,0.9911,9.911,991.12,9911.2,5.55,5.55,0.972,9.72,0.09911,0.9911,99.112,991.12,0.43,0.43,10.92,1.092,0.051,0.051,1.3,0.13,Music Wire,MW,25.5,25.5,113.43,11.567,11566.8,Squared and Ground,Factory Option,6.1973,6.1973,Reference,Reference,8.2,8.2,Zinc Plate and Bake per ASTM B633,1,Standard Compression Series (inch),ASTM A228,0.258,0.258,6.55,0.655,Reference,Reference,Reference,Reference,,0.0048562
LC 051E 08 S,LC 051E 08 S,LC051E08S,Compression Spring,Stock,,No,Yes,Yes,Yes,Yes,Yes,Yes,Yes,Yes,NR,0.36,0.36,9.14,0.914,+/-0.008,+/-0.008,+/-0.2,+/-0.02,0.375,0.375,9.53,0.953,0.246,0.246,6.25,0.625,MIN,MIN,MIN,MIN,0.875,0.875,22.23,2.223,0.028,0.028,0.71,0.071,46.2,46.2,8.091,80.91,0.825,8.25,825.04,8250.4,4.62,4.62,0.8091,8.091,0.0825,0.825,82.504,825.04,0.43,0.43,10.92,1.092,0.051,0.051,1.3,0.13,Stainless Steel,SS,21.2415,21.242,94.49,9.635,9635.14,Squared and Ground,Factory Option,6.204,6.204,Reference,Reference,8.2,8.2,Passivate per ASTM A967,1,Standard Compression Series (inch),ASTM A313,0.258,0.258,6.55,0.655,Reference,Reference,Reference,Reference,,0.0049527
LC 051E 08 S316,LC 051E 08 S316,LC051E08S316,Compression Spring,Stock,,No,Yes,Yes,Yes,Yes,Yes,Yes,Yes,Yes,NR,0.36,0.36,9.14,0.914,+/-0.008,+/-0.008,+/-0.2,+/-0.02,0.375,0.375,9.53,0.953,0.246,0.246,6.25,0.625,MIN,MIN,MIN,MIN,0.875,0.875,22.23,2.223,0.028,0.028,0.71,0.071,46.2,46.2,8.091,80.91,0.825,8.25,825.04,8250.4,4.62,4.62,0.8091,8.091,0.0825,0.825,82.504,825.04,0.43,0.43,10.92,1.092,0.051,0.051,1.3,0.13,Stainless Steel Type 316,SS316,21.2415,21.242,94.49,9.635,9635.14,Squared and Ground,Factory Option,6.204,6.204,Reference,Reference,8.2,8.2,Passivate per ASTM A967,1,Standard Compression Series (inch),ASTM A313,0.258,0.258,6.55,0.655,Reference,Reference,Reference,Reference,,0.0049527
LC 051E 09 M,LC 051E 09 M,LC051E09M,Compression Spring,Stock,,No,Yes,Yes,Yes,Yes,Yes,Yes,Yes,Yes,NR,0.36,0.36,9.14,0.914,+/-0.008,+/-0.008,+/-0.2,+/-0.02,0.375,0.375,9.53,0.953,0.246,0.246,6.25,0.625,MIN,MIN,MIN,MIN,1,1,25.4,2.54,0.033,0.033,0.84,0.084,47.8,47.8,8.371,83.71,0.8536,8.536,853.61,8536.1,4.78,4.78,0.8371,8.371,0.08536,0.8536,85.361,853.61,0.482,0.482,12.24,1.224,0.051,0.051,1.3,0.13,Music Wire,MW,25.5,25.5,113.43,11.567,11566.8,Squared and Ground,Factory Option,7.1956,7.1956,Reference,Reference,9.2,9.2,Zinc Plate and Bake per ASTM B633,1,Standard Compression Series (inch),ASTM A228,0.258,0.258,6.55,0.655,Reference,Reference,Reference,Reference,,0.0054476
LC 051E 09 S,LC 051E 09 S,LC051E09S,Compression Spring,Stock,,No,Yes,Yes,Yes,Yes,Yes,Yes,Yes,Yes,NR,0.36,0.36,9.14,0.914,+/-0.008,+/-0.008,+/-0.2,+/-0.02,0.375,0.375,9.53,0.953,0.246,0.246,6.25,0.625,MIN,MIN,MIN,MIN,1,1,25.4,2.54,0.033,0.033,0.84,0.084,39.8,39.8,6.97,69.7,0.7107,7.107,710.75,7107.5,3.98,3.98,0.697,6.97,0.07107,0.7107,71.075,710.75,0.482,0.482,12.24,1.224,0.051,0.051,1.3,0.13,Stainless Steel,SS,21.2415,21.242,94.49,9.635,9635.14,Squared and Ground,Factory Option,7.2016,7.2016,Reference,Reference,9.2,9.2,Passivate per ASTM A967,1,Standard Compression Series (inch),ASTM A313,0.258,0.258,6.55,0.655,Reference,Reference,Reference,Reference,,0.005555
LC 051E 09 S316,LC 051E 09 S316,LC051E09S316,Compression Spring,Stock,,No,Yes,Yes,Yes,Yes,Yes,Yes,Yes,Yes,NR,0.36,0.36,9.14,0.914,+/-0.008,+/-0.008,+/-0.2,+/-0.02,0.375,0.375,9.53,0.953,0.246,0.246,6.25,0.625,MIN,MIN,MIN,MIN,1,1,25.4,2.54,0.033,0.033,0.84,0.084,39.8,39.8,6.97,69.7,0.7107,7.107,710.75,7107.5,3.98,3.98,0.697,6.97,0.07107,0.7107,71.075,710.75,0.482,0.482,12.24,1.224,0.051,0.051,1.3,0.13,Stainless Steel Type 316,SS316,21.2415,21.242,94.49,9.635,9635.14,Squared and Ground,Factory Option,7.2016,7.2016,Reference,Reference,9.2,9.2,Passivate per ASTM A967,1,Standard Compression Series (inch),ASTM A313,0.258,0.258,6.55,0.655,Reference,Reference,Reference,Reference,,0.005555
LC 051E 10 M,LC 051E 10 M,LC051E10M,Compression Spring,Stock,,No,Yes,Yes,Yes,Yes,Yes,Yes,Yes,Yes,NR,0.36,0.36,9.14,0.914,+/-0.008,+/-0.008,+/-0.2,+/-0.02,0.375,0.375,9.53,0.953,0.246,0.246,6.25,0.625,MIN,MIN,MIN,MIN,1.125,1.125,28.58,2.858,0.035,0.035,0.89,0.089,42,42,7.356,73.56,0.75,7.5,750.04,7500.4,4.2,4.2,0.7356,7.356,0.075,0.75,75.004,750.04,0.535,0.535,13.59,1.359,0.051,0.051,1.3,0.13,Music Wire,MW,25.5,25.5,113.43,11.567,11566.8,Squared and Ground,Factory Option,8.1893,8.1893,Reference,Reference,10.19,10.19,Zinc Plate and Bake per ASTM B633,1,Standard Compression Series (inch),ASTM A228,0.258,0.258,6.55,0.655,Reference,Reference,Reference,Reference,,0.0060362
LC 051E 10 S,LC 051E 10 S,LC051E10S,Compression Spring,Stock,,No,Yes,Yes,Yes,Yes,Yes,Yes,Yes,Yes,NR,0.36,0.36,9.14,0.914,+/-0.008,+/-0.008,+/-0.2,+/-0.02,0.375,0.375,9.53,0.953,0.246,0.246,6.25,0.625,MIN,MIN,MIN,MIN,1.125,1.125,28.58,2.858,0.035,0.035,0.89,0.089,34.9,34.9,6.112,61.12,0.6232,6.232,623.24,6232.4,3.49,3.49,0.6112,6.112,0.06232,0.6232,62.324,623.24,0.535,0.535,13.59,1.359,0.051,0.051,1.3,0.13,Stainless Steel,SS,21.2415,21.242,94.49,9.635,9635.14,Squared and Ground,Factory Option,8.2127,8.2127,Reference,Reference,10.21,10.21,Passivate per ASTM A967,1,Standard Compression Series (inch),ASTM A313,0.258,0.258,6.55,0.655,Reference,Reference,Reference,Reference,,0.0061654
LC 051E 10 S316,LC 051E 10 S316,LC051E10S316,Compression Spring,Stock,,No,Yes,Yes,Yes,Yes,Yes,Yes,Yes,Yes,NR,0.36,0.36,9.14,0.914,+/-0.008,+/-0.008,+/-0.2,+/-0.02,0.375,0.375,9.53,0.953,0.246,0.246,6.25,0.625,MIN,MIN,MIN,MIN,1.125,1.125,28.58,2.858,0.035,0.035,0.89,0.089,34.9,34.9,6.112,61.12,0.6232,6.232,623.24,6232.4,3.49,3.49,0.6112,6.112,0.06232,0.6232,62.324,623.24,0.535,0.535,13.59,1.359,0.051,0.051,1.3,0.13,Stainless Steel Type 316,SS316,21.2415,21.242,94.49,9.635,9635.14,Squared and Ground,Factory Option,8.2127,8.2127,Reference,Reference,10.21,10.21,Passivate per ASTM A967,1,Standard Compression Series (inch),ASTM A313,0.258,0.258,6.55,0.655,Reference,Reference,Reference,Reference,,0.0061654
LC 051E 11 M,LC 051E 11 M,LC051E11M,Compression Spring,Stock,,No,Yes,Yes,Yes,Yes,Yes,Yes,Yes,Yes,NR,0.36,0.36,9.14,0.914,+/-0.008,+/-0.008,+/-0.2,+/-0.02,0.375,0.375,9.53,0.953,0.246,0.246,6.25,0.625,MIN,MIN,MIN,MIN,1.25,1.25,31.75,3.175,0.039,0.039,0.99,0.099,37.4,37.4,6.55,65.5,0.6679,6.679,667.89,6678.9,3.74,3.74,0.655,6.55,0.06679,0.6679,66.789,667.89,0.587,0.587,14.91,1.491,0.051,0.051,1.3,0.13,Music Wire,MW,25.5,25.5,113.43,11.567,11566.8,Squared and Ground,Factory Option,9.1965,9.1965,Reference,Reference,11.2,11.2,Zinc Plate and Bake per ASTM B633,1,Standard Compression Series (inch),ASTM A228,0.258,0.258,6.55,0.655,Reference,Reference,Reference,Reference,,0.0066329
LC 051E 11 S,LC 051E 11 S,LC051E11S,Compression Spring,Stock,,No,Yes,Yes,Yes,Yes,Yes,Yes,Yes,Yes,NR,0.36,0.36,9.14,0.914,+/-0.008,+/-0.008,+/-0.2,+/-0.02,0.375,0.375,9.53,0.953,0.246,0.246,6.25,0.625,MIN,MIN,MIN,MIN,1.25,1.25,31.75,3.175,0.039,0.039,0.99,0.099,31.1,31.1,5.447,54.47,0.5554,5.554,555.38,5553.8,3.11,3.11,0.5447,5.447,0.05554,0.5554,55.538,555.38,0.587,0.587,14.91,1.491,0.051,0.051,1.3,0.13,Stainless Steel,SS,21.2415,21.242,94.49,9.635,9635.14,Squared and Ground,Factory Option,9.2162,9.2162,Reference,Reference,11.22,11.22,Passivate per ASTM A967,1,Standard Compression Series (inch),ASTM A313,0.258,0.258,6.55,0.655,Reference,Reference,Reference,Reference,,0.0067712
LC 051E 11 S316,LC 051E 11 S316,LC051E11S316,Compression Spring,Stock,,No,Yes,Yes,Yes,Yes,Yes,Yes,Yes,Yes,NR,0.36,0.36,9.14,0.914,+/-0.008,+/-0.008,+/-0.2,+/-0.02,0.375,0.375,9.53,0.953,0.246,0.246,6.25,0.625,MIN,MIN,MIN,MIN,1.25,1.25,31.75,3.175,0.039,0.039,0.99,0.099,31.1,31.1,5.447,54.47,0.5554,5.554,555.38,5553.8,3.11,3.11,0.5447,5.447,0.05554,0.5554,55.538,555.38,0.587,0.587,14.91,1.491,0.051,0.051,1.3,0.13,Stainless Steel Type 316,SS316,21.2415,21.242,94.49,9.635,9635.14,Squared and Ground,Factory Option,9.2162,9.2162,Reference,Reference,11.22,11.22,Passivate per ASTM A967,1,Standard Compression Series (inch),ASTM A313,0.258,0.258,6.55,0.655,Reference,Reference,Reference,Reference,,0.0067712
LC 051E 12 M,LC 051E 12 M,LC051E12M,Compression Spring,Stock,,No,Yes,Yes,Yes,Yes,Yes,Yes,Yes,Yes,NR,0.36,0.36,9.14,0.914,+/-0.008,+/-0.008,+/-0.2,+/-0.02,0.375,0.375,9.53,0.953,0.246,0.246,6.25,0.625,MIN,MIN,MIN,MIN,1.375,1.375,34.93,3.493,0.044,0.044,1.12,0.112,33.7,33.7,5.902,59.02,0.6018,6.018,601.81,6018.1,3.37,3.37,0.5902,5.902,0.06018,0.6018,60.181,601.81,0.64,0.64,16.26,1.626,0.051,0.051,1.3,0.13,Music Wire,MW,25.5,25.5,113.43,11.567,11566.8,Squared and Ground,Factory Option,10.2062,10.2062,Reference,Reference,12.21,12.21,Zinc Plate and Bake per ASTM B633,1,Standard Compression Series (inch),ASTM A228,0.258,0.258,6.55,0.655,Reference,Reference,Reference,Reference,,0.0072311
LC 051E 12 S,LC 051E 12 S,LC051E12S,Compression Spring,Stock,,No,Yes,Yes,Yes,Yes,Yes,Yes,Yes,Yes,NR,0.36,0.36,9.14,0.914,+/-0.008,+/-0.008,+/-0.2,+/-0.02,0.375,0.375,9.53,0.953,0.246,0.246,6.25,0.625,MIN,MIN,MIN,MIN,1.375,1.375,34.93,3.493,0.044,0.044,1.12,0.112,28.1,28.1,4.921,49.21,0.5018,5.018,501.81,5018.1,2.81,2.81,0.4921,4.921,0.05018,0.5018,50.181,501.81,0.64,0.64,16.26,1.626,0.051,0.051,1.3,0.13,Stainless Steel,SS,21.2415,21.242,94.49,9.635,9635.14,Squared and Ground,Factory Option,10.2002,10.2002,Reference,Reference,12.2,12.2,Passivate per ASTM A967,1,Standard Compression Series (inch),ASTM A313,0.258,0.258,6.55,0.655,Reference,Reference,Reference,Reference,,0.0073652
LC 051E 12 S316,LC 051E 12 S316,LC051E12S316,Compression Spring,Stock,,No,Yes,Yes,Yes,Yes,Yes,Yes,Yes,Yes,NR,0.36,0.36,9.14,0.914,+/-0.008,+/-0.008,+/-0.2,+/-0.02,0.375,0.375,9.53,0.953,0.246,0.246,6.25,0.625,MIN,MIN,MIN,MIN,1.375,1.375,34.93,3.493,0.044,0.044,1.12,0.112,28.1,28.1,4.921,49.21,0.5018,5.018,501.81,5018.1,2.81,2.81,0.4921,4.921,0.05018,0.5018,50.181,501.81,0.64,0.64,16.26,1.626,0.051,0.051,1.3,0.13,Stainless Steel Type 316,SS316,21.2415,21.242,94.49,9.635,9635.14,Squared and Ground,Factory Option,10.2002,10.2002,Reference,Reference,12.2,12.2,Passivate per ASTM A967,1,Standard Compression Series (inch),ASTM A313,0.258,0.258,6.55,0.655,Reference,Reference,Reference,Reference,,0.0073652
LC 051E 13 M,LC 051E 13 M,LC051E13M,Compression Spring,Stock,,No,Yes,Yes,Yes,Yes,Yes,Yes,Yes,Yes,NR,0.36,0.36,9.14,0.914,+/-0.008,+/-0.008,+/-0.2,+/-0.02,0.375,0.375,9.53,0.953,0.246,0.246,6.25,0.625,MIN,MIN,MIN,MIN,1.5,1.5,38.1,3.81,0.048,0.048,1.22,0.122,30.7,30.7,5.377,53.77,0.5482,5.482,548.24,5482.4,3.07,3.07,0.5377,5.377,0.05482,0.5482,54.824,548.24,0.693,0.693,17.6,1.76,0.051,0.051,1.3,0.13,Music Wire,MW,25.5,25.5,113.43,11.567,11566.8,Squared and Ground,Factory Option,11.2036,11.2036,Reference,Reference,13.2,13.2,Zinc Plate and Bake per ASTM B633,1,Standard Compression Series (inch),ASTM A228,0.258,0.258,6.55,0.655,Reference,Reference,Reference,Reference,,0.007822
LC 051E 13 S,LC 051E 13 S,LC051E13S,Compression Spring,Stock,,No,Yes,Yes,Yes,Yes,Yes,Yes,Yes,Yes,NR,0.36,0.36,9.14,0.914,+/-0.008,+/-0.008,+/-0.2,+/-0.02,0.375,0.375,9.53,0.953,0.246,0.246,6.25,0.625,MIN,MIN,MIN,MIN,1.5,1.5,38.1,3.81,0.048,0.048,1.22,0.122,25.6,25.6,4.483,44.83,0.4572,4.572,457.16,4571.6,2.56,2.56,0.4483,4.483,0.04572,0.4572,45.716,457.16,0.693,0.693,17.6,1.76,0.051,0.051,1.3,0.13,Stainless Steel,SS,21.2415,21.242,94.49,9.635,9635.14,Squared and Ground,Factory Option,11.1963,11.1963,Reference,Reference,13.2,13.2,Passivate per ASTM A967,1,Standard Compression Series (inch),ASTM A313,0.258,0.258,6.55,0.655,Reference,Reference,Reference,Reference,,0.0079665
LC 051E 13 S316,LC 051E 13 S316,LC051E13S316,Compression Spring,Stock,,No,Yes,Yes,Yes,Yes,Yes,Yes,Yes,Yes,NR,0.36,0.36,9.14,0.914,+/-0.008,+/-0.008,+/-0.2,+/-0.02,0.375,0.375,9.53,0.953,0.246,0.246,6.25,0.625,MIN,MIN,MIN,MIN,1.5,1.5,38.1,3.81,0.048,0.048,1.22,0.122,25.6,25.6,4.483,44.83,0.4572,4.572,457.16,4571.6,2.56,2.56,0.4483,4.483,0.04572,0.4572,45.716,457.16,0.693,0.693,17.6,1.76,0.051,0.051,1.3,0.13,Stainless Steel Type 316,SS316,21.2415,21.242,94.49,9.635,9635.14,Squared and Ground,Factory Option,11.1963,11.1963,Reference,Reference,13.2,13.2,Passivate per ASTM A967,1,Standard Compression Series (inch),ASTM A313,0.258,0.258,6.55,0.655,Reference,Reference,Reference,Reference,,0.0079665
LC 051E 14 M,LC 051E 14 M,LC051E14M,Compression Spring,Stock,,No,Yes,Yes,Yes,Yes,Yes,Yes,Yes,Yes,NR,0.36,0.36,9.14,0.914,+/-0.008,+/-0.008,+/-0.2,+/-0.02,0.375,0.375,9.53,0.953,0.246,0.246,6.25,0.625,MIN,MIN,MIN,MIN,1.75,1.75,44.45,4.445,0.053,0.053,1.35,0.135,26,26,4.553,45.53,0.4643,4.643,464.31,4643.1,2.6,2.6,0.4553,4.553,0.04643,0.4643,46.431,464.31,0.798,0.798,20.27,2.027,0.051,0.051,1.3,0.13,Music Wire,MW,25.5,25.5,113.43,11.567,11566.8,Squared and Ground,Factory Option,13.2288,13.2288,Reference,Reference,15.23,15.23,Zinc Plate and Bake per ASTM B633,1,Standard Compression Series (inch),ASTM A228,0.258,0.258,6.55,0.655,Reference,Reference,Reference,Reference,,0.0090218
LC 051E 14 S,LC 051E 14 S,LC051E14S,Compression Spring,Stock,,No,Yes,Yes,Yes,Yes,Yes,Yes,Yes,Yes,NR,0.36,0.36,9.14,0.914,+/-0.008,+/-0.008,+/-0.2,+/-0.02,0.375,0.375,9.53,0.953,0.246,0.246,6.25,0.625,MIN,MIN,MIN,MIN,1.75,1.75,44.45,4.445,0.053,0.053,1.35,0.135,21.7,21.7,3.8,38,0.3875,3.875,387.52,3875.2,2.17,2.17,0.38,3.8,0.03875,0.3875,38.752,387.52,0.798,0.798,20.27,2.027,0.051,0.051,1.3,0.13,Stainless Steel,SS,21.2415,21.242,94.49,9.635,9635.14,Squared and Ground,Factory Option,13.2085,13.2085,Reference,Reference,15.21,15.21,Passivate per ASTM A967,1,Standard Compression Series (inch),ASTM A313,0.258,0.258,6.55,0.655,Reference,Reference,Reference,Reference,,0.0091813
LC 051E 14 S316,LC 051E 14 S316,LC051E14S316,Compression Spring,Stock,,No,Yes,Yes,Yes,Yes,Yes,Yes,Yes,Yes,NR,0.36,0.36,9.14,0.914,+/-0.008,+/-0.008,+/-0.2,+/-0.02,0.375,0.375,9.53,0.953,0.246,0.246,6.25,0.625,MIN,MIN,MIN,MIN,1.75,1.75,44.45,4.445,0.053,0.053,1.35,0.135,21.7,21.7,3.8,38,0.3875,3.875,387.52,3875.2,2.17,2.17,0.38,3.8,0.03875,0.3875,38.752,387.52,0.798,0.798,20.27,2.027,0.051,0.051,1.3,0.13,Stainless Steel Type 316,SS316,21.2415,21.242,94.49,9.635,9635.14,Squared and Ground,Factory Option,13.2085,13.2085,Reference,Reference,15.21,15.21,Passivate per ASTM A967,1,Standard Compression Series (inch),ASTM A313,0.258,0.258,6.55,0.655,Reference,Reference,Reference,Reference,,0.0091813
LC 051E 15 M,LC 051E 15 M,LC051E15M,Compression Spring,Stock,,No,Yes,Yes,Yes,Yes,Yes,Yes,Yes,Yes,NR,0.36,0.36,9.14,0.914,+/-0.008,+/-0.008,+/-0.2,+/-0.02,0.375,0.375,9.53,0.953,0.246,0.246,6.25,0.625,MIN,MIN,MIN,MIN,2,2,50.8,5.08,0.062,0.062,1.57,0.157,22.6,22.6,3.958,39.58,0.4036,4.036,403.59,4035.9,2.26,2.26,0.3958,3.958,0.04036,0.4036,40.359,403.59,0.903,0.903,22.94,2.294,0.051,0.051,1.3,0.13,Music Wire,MW,25.5,25.5,113.43,11.567,11566.8,Squared and Ground,Factory Option,15.219,15.219,Reference,Reference,17.22,17.22,Zinc Plate and Bake per ASTM B633,1,Standard Compression Series (inch),ASTM A228,0.258,0.258,6.55,0.655,Reference,Reference,Reference,Reference,,0.0102008
LC 051E 15 S,LC 051E 15 S,LC051E15S,Compression Spring,Stock,,No,Yes,Yes,Yes,Yes,Yes,Yes,Yes,Yes,NR,0.36,0.36,9.14,0.914,+/-0.008,+/-0.008,+/-0.2,+/-0.02,0.375,0.375,9.53,0.953,0.246,0.246,6.25,0.625,MIN,MIN,MIN,MIN,2,2,50.8,5.08,0.062,0.062,1.57,0.157,18.8,18.8,3.293,32.93,0.3357,3.357,335.73,3357.3,1.88,1.88,0.3293,3.293,0.03357,0.3357,33.573,335.73,0.903,0.903,22.94,2.294,0.051,0.051,1.3,0.13,Stainless Steel,SS,21.2415,21.242,94.49,9.635,9635.14,Squared and Ground,Factory Option,15.246,15.246,Reference,Reference,17.25,17.25,Passivate per ASTM A967,1,Standard Compression Series (inch),ASTM A313,0.258,0.258,6.55,0.655,Reference,Reference,Reference,Reference,,0.0104114
LC 051E 15 S316,LC 051E 15 S316,LC051E15S316,Compression Spring,Stock,,No,Yes,Yes,Yes,Yes,Yes,Yes,Yes,Yes,NR,0.36,0.36,9.14,0.914,+/-0.008,+/-0.008,+/-0.2,+/-0.02,0.375,0.375,9.53,0.953,0.246,0.246,6.25,0.625,MIN,MIN,MIN,MIN,2,2,50.8,5.08,0.062,0.062,1.57,0.157,18.8,18.8,3.293,32.93,0.3357,3.357,335.73,3357.3,1.88,1.88,0.3293,3.293,0.03357,0.3357,33.573,335.73,0.903,0.903,22.94,2.294,0.051,0.051,1.3,0.13,Stainless Steel Type 316,SS316,21.2415,21.242,94.49,9.635,9635.14,Squared and Ground,Factory Option,15.246,15.246,Reference,Reference,17.25,17.25,Passivate per ASTM A967,1,Standard Compression Series (inch),ASTM A313,0.258,0.258,6.55,0.655,Reference,Reference,Reference,Reference,,0.0104114
LC 051E 16 M,LC 051E 16 M,LC051E16M,Compression Spring,Stock,,No,Yes,Yes,Yes,Yes,Yes,Yes,Yes,Yes,NR,0.36,0.36,9.14,0.914,+/-0.008,+/-0.008,+/-0.2,+/-0.02,0.375,0.375,9.53,0.953,0.246,0.246,6.25,0.625,MIN,MIN,MIN,MIN,2.25,2.25,57.15,5.715,0.07,0.07,1.78,0.178,20,20,3.503,35.03,0.3572,3.572,357.16,3571.6,2,2,0.3503,3.503,0.03572,0.3572,35.716,357.16,1.008,1.008,25.6,2.56,0.051,0.051,1.3,0.13,Music Wire,MW,25.5,25.5,113.43,11.567,11566.8,Squared and Ground,Factory Option,17.1975,17.1975,Reference,Reference,19.2,19.2,Zinc Plate and Bake per ASTM B633,1,Standard Compression Series (inch),ASTM A228,0.258,0.258,6.55,0.655,Reference,Reference,Reference,Reference,,0.0113728
LC 051E 16 S,LC 051E 16 S,LC051E16S,Compression Spring,Stock,,No,Yes,Yes,Yes,Yes,Yes,Yes,Yes,Yes,NR,0.36,0.36,9.14,0.914,+/-0.008,+/-0.008,+/-0.2,+/-0.02,0.375,0.375,9.53,0.953,0.246,0.246,6.25,0.625,MIN,MIN,MIN,MIN,2.25,2.25,57.15,5.715,0.07,0.07,1.78,0.178,16.6,16.6,2.907,29.07,0.2964,2.964,296.44,2964.4,1.66,1.66,0.2907,2.907,0.02964,0.2964,29.644,296.44,1.008,1.008,25.6,2.56,0.051,0.051,1.3,0.13,Stainless Steel,SS,21.2415,21.242,94.49,9.635,9635.14,Squared and Ground,Factory Option,17.2666,17.2666,Reference,Reference,19.27,19.27,Passivate per ASTM A967,1,Standard Compression Series (inch),ASTM A313,0.258,0.258,6.55,0.655,Reference,Reference,Reference,Reference,,0.0116312
LC 051E 16 S316,LC 051E 16 S316,LC051E16S316,Compression Spring,Stock,,No,Yes,Yes,Yes,Yes,Yes,Yes,Yes,Yes,NR,0.36,0.36,9.14,0.914,+/-0.008,+/-0.008,+/-0.2,+/-0.02,0.375,0.375,9.53,0.953,0.246,0.246,6.25,0.625,MIN,MIN,MIN,MIN,2.25,2.25,57.15,5.715,0.07,0.07,1.78,0.178,16.6,16.6,2.907,29.07,0.2964,2.964,296.44,2964.4,1.66,1.66,0.2907,2.907,0.02964,0.2964,29.644,296.44,1.008,1.008,25.6,2.56,0.051,0.051,1.3,0.13,Stainless Steel Type 316,SS316,21.2415,21.242,94.49,9.635,9635.14,Squared and Ground,Factory Option,17.2666,17.2666,Reference,Reference,19.27,19.27,Passivate per ASTM A967,1,Standard Compression Series (inch),ASTM A313,0.258,0.258,6.55,0.655,Reference,Reference,Reference,Reference,,0.0116312
LC 051E 17 M,LC 051E 17 M,LC051E17M,Compression Spring,Stock,,No,Yes,Yes,Yes,Yes,Yes,Yes,Yes,Yes,NR,0.36,0.36,9.14,0.914,+/-0.008,+/-0.008,+/-0.2,+/-0.02,0.375,0.375,9.53,0.953,0.246,0.246,6.25,0.625,MIN,MIN,MIN,MIN,2.5,2.5,63.5,6.35,0.088,0.088,2.24,0.224,17.9,17.9,3.135,31.35,0.3197,3.197,319.66,3196.6,1.79,1.79,0.3135,3.135,0.03197,0.3197,31.966,319.66,1.113,1.113,28.27,2.827,0.051,0.051,1.3,0.13,Music Wire,MW,25.5,25.5,113.43,11.567,11566.8,Squared and Ground,Factory Option,19.2151,19.2151,Reference,Reference,21.22,21.22,Zinc Plate and Bake per ASTM B633,1,Standard Compression Series (inch),ASTM A228,0.258,0.258,6.55,0.655,Reference,Reference,Reference,Reference,,0.0125681
LC 051E 17 S,LC 051E 17 S,LC051E17S,Compression Spring,Stock,,No,Yes,Yes,Yes,Yes,Yes,Yes,Yes,Yes,NR,0.36,0.36,9.14,0.914,+/-0.008,+/-0.008,+/-0.2,+/-0.02,0.375,0.375,9.53,0.953,0.246,0.246,6.25,0.625,MIN,MIN,MIN,MIN,2.5,2.5,63.5,6.35,0.088,0.088,2.24,0.224,14.9,14.9,2.609,26.09,0.2661,2.661,266.08,2660.8,1.49,1.49,0.2609,2.609,0.02661,0.2661,26.608,266.08,1.113,1.113,28.27,2.827,0.051,0.051,1.3,0.13,Stainless Steel,SS,21.2415,21.242,94.49,9.635,9635.14,Squared and Ground,Factory Option,19.2366,19.2366,Reference,Reference,21.24,21.24,Passivate per ASTM A967,1,Standard Compression Series (inch),ASTM A313,0.258,0.258,6.55,0.655,Reference,Reference,Reference,Reference,,0.0128205
LC 051E 17 S316,LC 051E 17 S316,LC051E17S316,Compression Spring,Stock,,No,Yes,Yes,Yes,Yes,Yes,Yes,Yes,Yes,NR,0.36,0.36,9.14,0.914,+/-0.008,+/-0.008,+/-0.2,+/-0.02,0.375,0.375,9.53,0.953,0.246,0.246,6.25,0.625,MIN,MIN,MIN,MIN,2.5,2.5,63.5,6.35,0.088,0.088,2.24,0.224,14.9,14.9,2.609,26.09,0.2661,2.661,266.08,2660.8,1.49,1.49,0.2609,2.609,0.02661,0.2661,26.608,266.08,1.113,1.113,28.27,2.827,0.051,0.051,1.3,0.13,Stainless Steel Type 316,SS316,21.2415,21.242,94.49,9.635,9635.14,Squared and Ground,Factory Option,19.2366,19.2366,Reference,Reference,21.24,21.24,Passivate per ASTM A967,1,Standard Compression Series (inch),ASTM A313,0.258,0.258,6.55,0.655,Reference,Reference,Reference,Reference,,0.0128205
LC 051E 18 M,LC 051E 18 M,LC051E18M,Compression Spring,Stock,,No,Yes,Yes,Yes,Yes,Yes,Yes,Yes,Yes,NR,0.36,0.36,9.14,0.914,+/-0.008,+/-0.008,+/-0.2,+/-0.02,0.375,0.375,9.53,0.953,0.246,0.246,6.25,0.625,MIN,MIN,MIN,MIN,2.75,2.75,69.85,6.985,0.096,0.096,2.44,0.244,16.2,16.2,2.837,28.37,0.2893,2.893,289.3,2893,1.62,1.62,0.2837,2.837,0.02893,0.2893,28.93,289.3,1.218,1.218,30.94,3.094,0.051,0.051,1.3,0.13,Music Wire,MW,25.5,25.5,113.43,11.567,11566.8,Squared and Ground,Factory Option,21.2315,21.2315,Reference,Reference,23.23,23.23,Zinc Plate and Bake per ASTM B633,1,Standard Compression Series (inch),ASTM A228,0.258,0.258,6.55,0.655,Reference,Reference,Reference,Reference,,0.0137626
LC 051E 18 S,LC 051E 18 S,LC051E18S,Compression Spring,Stock,,No,Yes,Yes,Yes,Yes,Yes,Yes,Yes,Yes,NR,0.36,0.36,9.14,0.914,+/-0.008,+/-0.008,+/-0.2,+/-0.02,0.375,0.375,9.53,0.953,0.246,0.246,6.25,0.625,MIN,MIN,MIN,MIN,2.75,2.75,69.85,6.985,0.096,0.096,2.44,0.244,13.5,13.5,2.364,23.64,0.2411,2.411,241.08,2410.8,1.35,1.35,0.2364,2.364,0.02411,0.2411,24.108,241.08,1.218,1.218,30.94,3.094,0.051,0.051,1.3,0.13,Stainless Steel,SS,21.2415,21.242,94.49,9.635,9635.14,Squared and Ground,Factory Option,21.2315,21.2315,Reference,Reference,23.23,23.23,Passivate per ASTM A967,1,Standard Compression Series (inch),ASTM A313,0.258,0.258,6.55,0.655,Reference,Reference,Reference,Reference,,0.0140248
LC 051E 18 S316,LC 051E 18 S316,LC051E18S316,Compression Spring,Stock,,No,Yes,Yes,Yes,Yes,Yes,Yes,Yes,Yes,NR,0.36,0.36,9.14,0.914,+/-0.008,+/-0.008,+/-0.2,+/-0.02,0.375,0.375,9.53,0.953,0.246,0.246,6.25,0.625,MIN,MIN,MIN,MIN,2.75,2.75,69.85,6.985,0.096,0.096,2.44,0.244,13.5,13.5,2.364,23.64,0.2411,2.411,241.08,2410.8,1.35,1.35,0.2364,2.364,0.02411,0.2411,24.108,241.08,1.218,1.218,30.94,3.094,0.051,0.051,1.3,0.13,Stainless Steel Type 316,SS316,21.2415,21.242,94.49,9.635,9635.14,Squared and Ground,Factory Option,21.2315,21.2315,Reference,Reference,23.23,23.23,Passivate per ASTM A967,1,Standard Compression Series (inch),ASTM A313,0.258,0.258,6.55,0.655,Reference,Reference,Reference,Reference,,0.0140248
LC 051E 19 M,LC 051E 19 M,LC051E19M,Compression Spring,Stock,,No,Yes,Yes,Yes,Yes,Yes,Yes,Yes,Yes,NR,0.36,0.36,9.14,0.914,+/-0.008,+/-0.008,+/-0.2,+/-0.02,0.375,0.375,9.53,0.953,0.246,0.246,6.25,0.625,MIN,MIN,MIN,MIN,3,3,76.2,7.62,0.105,0.105,2.67,0.267,14.8,14.8,2.592,25.92,0.2643,2.643,264.3,2643,1.48,1.48,0.2592,2.592,0.02643,0.2643,26.43,264.3,1.323,1.323,33.6,3.36,0.051,0.051,1.3,0.13,Music Wire,MW,25.5,25.5,113.43,11.567,11566.8,Squared and Ground,Factory Option,23.2399,23.2399,Reference,Reference,25.24,25.24,Zinc Plate and Bake per ASTM B633,1,Standard Compression Series (inch),ASTM A228,0.258,0.258,6.55,0.655,Reference,Reference,Reference,Reference,,0.0149524
LC 051E 19 S,LC 051E 19 S,LC051E19S,Compression Spring,Stock,,No,Yes,Yes,Yes,Yes,Yes,Yes,Yes,Yes,NR,0.36,0.36,9.14,0.914,+/-0.008,+/-0.008,+/-0.2,+/-0.02,0.375,0.375,9.53,0.953,0.246,0.246,6.25,0.625,MIN,MIN,MIN,MIN,3,3,76.2,7.62,0.105,0.105,2.67,0.267,12.3,12.3,2.154,21.54,0.2197,2.197,219.65,2196.5,1.23,1.23,0.2154,2.154,0.02197,0.2197,21.965,219.65,1.323,1.323,33.6,3.36,0.051,0.051,1.3,0.13,Stainless Steel,SS,21.2415,21.242,94.49,9.635,9635.14,Squared and Ground,Factory Option,23.3029,23.3029,Reference,Reference,25.3,25.3,Passivate per ASTM A967,1,Standard Compression Series (inch),ASTM A313,0.258,0.258,6.55,0.655,Reference,Reference,Reference,Reference,,0.0152753
LC 051E 19 S316,LC 051E 19 S316,LC051E19S316,Compression Spring,Stock,,No,Yes,Yes,Yes,Yes,Yes,Yes,Yes,Yes,NR,0.36,0.36,9.14,0.914,+/-0.008,+/-0.008,+/-0.2,+/-0.02,0.375,0.375,9.53,0.953,0.246,0.246,6.25,0.625,MIN,MIN,MIN,MIN,3,3,76.2,7.62,0.105,0.105,2.67,0.267,12.3,12.3,2.154,21.54,0.2197,2.197,219.65,2196.5,1.23,1.23,0.2154,2.154,0.02197,0.2197,21.965,219.65,1.323,1.323,33.6,3.36,0.051,0.051,1.3,0.13,Stainless Steel Type 316,SS316,21.2415,21.242,94.49,9.635,9635.14,Squared and Ground,Factory Option,23.3029,23.3029,Reference,Reference,25.3,25.3,Passivate per ASTM A967,1,Standard Compression Series (inch),ASTM A313,0.258,0.258,6.55,0.655,Reference,Reference,Reference,Reference,,0.0152753
LC 051E 20 M,LC 051E 20 M,LC051E20M,Compression Spring,Stock,,No,Yes,Yes,Yes,Yes,Yes,Yes,Yes,Yes,NR,0.36,0.36,9.14,0.914,+/-0.008,+/-0.008,+/-0.2,+/-0.02,0.375,0.375,9.53,0.953,0.246,0.246,6.25,0.625,MIN,MIN,MIN,MIN,3.25,3.25,82.55,8.255,0.125,0.125,3.18,0.318,13.6,13.6,2.382,23.82,0.2429,2.429,242.87,2428.7,1.36,1.36,0.2382,2.382,0.02429,0.2429,24.287,242.87,1.434,1.434,36.42,3.642,0.051,0.051,1.3,0.13,Music Wire,MW,25.2713,25.271,112.41,11.463,11463.06,Squared and Ground,Factory Option,25.29,25.29,Reference,Reference,27.29,27.29,Zinc Plate and Bake per ASTM B633,1,Standard Compression Series (inch),ASTM A228,0.258,0.258,6.55,0.655,Reference,Reference,Reference,Reference,,0.0162
LC 051E 20 S,LC 051E 20 S,LC051E20S,Compression Spring,Stock,,No,Yes,Yes,Yes,Yes,Yes,Yes,Yes,Yes,NR,0.36,0.36,9.14,0.914,+/-0.008,+/-0.008,+/-0.2,+/-0.02,0.375,0.375,9.53,0.953,0.246,0.246,6.25,0.625,MIN,MIN,MIN,MIN,3.25,3.25,82.55,8.255,0.125,0.125,3.18,0.318,11.3333,11.333,1.985,19.85,0.2024,2.024,202.39,2023.9,1.133,1.133,0.1984,1.984,0.02023,0.2023,20.233,202.33,1.434,1.434,36.42,3.642,0.051,0.051,1.3,0.13,Stainless Steel,SS,21.0594,21.059,93.68,9.553,9552.54,Squared and Ground,Factory Option,25.29,25.29,Reference,Reference,27.29,27.29,Passivate per ASTM A967,1,Standard Compression Series (inch),ASTM A313,0.258,0.258,6.55,0.655,Reference,Reference,Reference,Reference,,0.0165
LC 051E 20 S316,LC 051E 20 S316,LC051E20S316,Compression Spring,Stock,,No,Yes,Yes,Yes,Yes,Yes,Yes,Yes,Yes,NR,0.36,0.36,9.14,0.914,+/-0.008,+/-0.008,+/-0.2,+/-0.02,0.375,0.375,9.53,0.953,0.246,0.246,6.25,0.625,MIN,MIN,MIN,MIN,3.25,3.25,82.55,8.255,0.125,0.125,3.18,0.318,11.3333,11.333,1.985,19.85,0.2024,2.024,202.39,2023.9,1.133,1.133,0.1984,1.984,0.02023,0.2023,20.233,202.33,1.434,1.434,36.42,3.642,0.051,0.051,1.3,0.13,Stainless Steel Type 316,SS316,21.0594,21.059,93.68,9.553,9552.54,Squared and Ground,Factory Option,25.29,25.29,Reference,Reference,27.29,27.29,Passivate per ASTM A967,1,Standard Compression Series (inch),ASTM A313,0.258,0.258,6.55,0.655,Reference,Reference,Reference,Reference,,0.0165
LC 051E 21 M,LC 051E 21 M,LC051E21M,Compression Spring,Stock,,No,Yes,Yes,Yes,Yes,Yes,Yes,Yes,Yes,NR,0.36,0.36,9.14,0.914,+/-0.008,+/-0.008,+/-0.2,+/-0.02,0.375,0.375,9.53,0.953,0.246,0.246,6.25,0.625,MIN,MIN,MIN,MIN,3.5,3.5,88.9,8.89,0.125,0.125,3.18,0.318,12.6,12.6,2.207,22.07,0.225,2.25,225.01,2250.1,1.26,1.26,0.2207,2.207,0.0225,0.225,22.501,225.01,1.539,1.539,39.09,3.909,0.051,0.051,1.3,0.13,Music Wire,MW,25.2733,25.273,112.42,11.464,11463.97,Squared and Ground,Factory Option,27.3,27.3,Reference,Reference,29.3,29.3,Zinc Plate and Bake per ASTM B633,1,Standard Compression Series (inch),ASTM A228,0.258,0.258,6.55,0.655,Reference,Reference,Reference,Reference,,0.0174
LC 051E 21 S,LC 051E 21 S,LC051E21S,Compression Spring,Stock,,No,Yes,Yes,Yes,Yes,Yes,Yes,Yes,Yes,NR,0.36,0.36,9.14,0.914,+/-0.008,+/-0.008,+/-0.2,+/-0.02,0.375,0.375,9.53,0.953,0.246,0.246,6.25,0.625,MIN,MIN,MIN,MIN,3.5,3.5,88.9,8.89,0.125,0.125,3.18,0.318,10.5,10.5,1.839,18.39,0.1875,1.875,187.51,1875.1,1.05,1.05,0.1839,1.839,0.01875,0.1875,18.751,187.51,1.539,1.539,39.09,3.909,0.051,0.051,1.3,0.13,Stainless Steel,SS,21.061,21.061,93.68,9.553,9553.27,Squared and Ground,Factory Option,27.3,27.3,Reference,Reference,29.3,29.3,Passivate per ASTM A967,1,Standard Compression Series (inch),ASTM A313,0.258,0.258,6.55,0.655,Reference,Reference,Reference,Reference,,0.0177
LC 051E 21 S316,LC 051E 21 S316,LC051E21S316,Compression Spring,Stock,,No,Yes,Yes,Yes,Yes,Yes,Yes,Yes,Yes,NR,0.36,0.36,9.14,0.914,+/-0.008,+/-0.008,+/-0.2,+/-0.02,0.375,0.375,9.53,0.953,0.246,0.246,6.25,0.625,MIN,MIN,MIN,MIN,3.5,3.5,88.9,8.89,0.125,0.125,3.18,0.318,10.5,10.5,1.839,18.39,0.1875,1.875,187.51,1875.1,1.05,1.05,0.1839,1.839,0.01875,0.1875,18.751,187.51,1.539,1.539,39.09,3.909,0.051,0.051,1.3,0.13,Stainless Steel Type 316,SS316,21.061,21.061,93.68,9.553,9553.27,Squared and Ground,Factory Option,27.3,27.3,Reference,Reference,29.3,29.3,Passivate per ASTM A967,1,Standard Compression Series (inch),ASTM A313,0.258,0.258,6.55,0.655,Reference,Reference,Reference,Reference,,0.0177
LC 051F 01 M,LC 051F 01 M,LC051F01M,Compression Spring,Stock,,No,Yes,Yes,Yes,Yes,Yes,Yes,Yes,Yes,NR,0.42,0.42,10.67,1.067,+/-0.008,+/-0.008,+/-0.2,+/-0.02,0.438,0.438,11.13,1.113,0.306,0.306,7.77,0.777,MIN,MIN,MIN,MIN,0.5,0.5,12.7,1.27,0.018,0.018,0.46,0.046,72.1,72.1,12.627,126.27,1.2876,12.876,1287.56,12875.6,7.21,7.21,1.2627,12.627,0.12876,1.2876,128.756,1287.56,0.255,0.255,6.48,0.648,0.051,0.051,1.3,0.13,Music Wire,MW,18.7,18.7,83.18,8.482,8482.32,Squared and Ground,Factory Option,2.8012,2.8012,Reference,Reference,4.8,4.8,Zinc Plate and Bake per ASTM B633,1,Standard Compression Series (inch),ASTM A228,0.318,0.318,8.08,0.808,Reference,Reference,Reference,Reference,,0.0033966
LC 051F 01 S,LC 051F 01 S,LC051F01S,Compression Spring,Stock,,No,Yes,Yes,Yes,Yes,Yes,Yes,Yes,Yes,NR,0.42,0.42,10.67,1.067,+/-0.008,+/-0.008,+/-0.2,+/-0.02,0.438,0.438,11.13,1.113,0.306,0.306,7.77,0.777,MIN,MIN,MIN,MIN,0.5,0.5,12.7,1.27,0.018,0.018,0.46,0.046,60.1,60.1,10.525,105.25,1.0733,10.733,1073.27,10732.7,6.01,6.01,1.0525,10.525,0.10733,1.0733,107.327,1073.27,0.255,0.255,6.48,0.648,0.051,0.051,1.3,0.13,Stainless Steel,SS,15.5771,15.577,69.29,7.066,7065.77,Squared and Ground,Factory Option,2.8005,2.8005,Reference,Reference,4.8,4.8,Passivate per ASTM A967,1,Standard Compression Series (inch),ASTM A313,0.318,0.318,8.08,0.808,Reference,Reference,Reference,Reference,,0.0034607
LC 051F 01 S316,LC 051F 01 S316,LC051F01S316,Compression Spring,Stock,,No,Yes,Yes,Yes,Yes,Yes,Yes,Yes,Yes,NR,0.42,0.42,10.67,1.067,+/-0.008,+/-0.008,+/-0.2,+/-0.02,0.438,0.438,11.13,1.113,0.306,0.306,7.77,0.777,MIN,MIN,MIN,MIN,0.5,0.5,12.7,1.27,0.018,0.018,0.46,0.046,60.1,60.1,10.525,105.25,1.0733,10.733,1073.27,10732.7,6.01,6.01,1.0525,10.525,0.10733,1.0733,107.327,1073.27,0.255,0.255,6.48,0.648,0.051,0.051,1.3,0.13,Stainless Steel Type 316,SS316,15.5771,15.577,69.29,7.066,7065.77,Squared and Ground,Factory Option,2.8005,2.8005,Reference,Reference,4.8,4.8,Passivate per ASTM A967,1,Standard Compression Series (inch),ASTM A313,0.318,0.318,8.08,0.808,Reference,Reference,Reference,Reference,,0.0034607
LC 051F 02 M,LC 051F 02 M,LC051F02M,Compression Spring,Stock,,No,Yes,Yes,Yes,Yes,Yes,Yes,Yes,Yes,NR,0.42,0.42,10.67,1.067,+/-0.008,+/-0.008,+/-0.2,+/-0.02,0.438,0.438,11.13,1.113,0.306,0.306,7.77,0.777,MIN,MIN,MIN,MIN,0.625,0.625,15.88,1.588,0.02,0.02,0.51,0.051,54.9,54.9,9.615,96.15,0.9804,9.804,980.4,9804,5.49,5.49,0.9615,9.615,0.09804,0.9804,98.04,980.4,0.3,0.3,7.62,0.762,0.051,0.051,1.3,0.13,Music Wire,MW,18.7,18.7,83.18,8.482,8482.32,Squared and Ground,Factory Option,3.6789,3.6789,Reference,Reference,5.68,5.68,Zinc Plate and Bake per ASTM B633,1,Standard Compression Series (inch),ASTM A228,0.318,0.318,8.08,0.808,Reference,Reference,Reference,Reference,,0.0040175
LC 051F 02 S,LC 051F 02 S,LC051F02S,Compression Spring,Stock,,No,Yes,Yes,Yes,Yes,Yes,Yes,Yes,Yes,NR,0.42,0.42,10.67,1.067,+/-0.008,+/-0.008,+/-0.2,+/-0.02,0.438,0.438,11.13,1.113,0.306,0.306,7.77,0.777,MIN,MIN,MIN,MIN,0.625,0.625,15.88,1.588,0.02,0.02,0.51,0.051,45.7,45.7,8.004,80.04,0.8161,8.161,816.11,8161.1,4.57,4.57,0.8004,8.004,0.08161,0.8161,81.611,816.11,0.3,0.3,7.62,0.762,0.051,0.051,1.3,0.13,Stainless Steel,SS,15.5771,15.577,69.29,7.066,7065.77,Squared and Ground,Factory Option,3.6829,3.6829,Reference,Reference,5.68,5.68,Passivate per ASTM A967,1,Standard Compression Series (inch),ASTM A313,0.318,0.318,8.08,0.808,Reference,Reference,Reference,Reference,,0.0040969
LC 051F 02 S316,LC 051F 02 S316,LC051F02S316,Compression Spring,Stock,,No,Yes,Yes,Yes,Yes,Yes,Yes,Yes,Yes,NR,0.42,0.42,10.67,1.067,+/-0.008,+/-0.008,+/-0.2,+/-0.02,0.438,0.438,11.13,1.113,0.306,0.306,7.77,0.777,MIN,MIN,MIN,MIN,0.625,0.625,15.88,1.588,0.02,0.02,0.51,0.051,45.7,45.7,8.004,80.04,0.8161,8.161,816.11,8161.1,4.57,4.57,0.8004,8.004,0.08161,0.8161,81.611,816.11,0.3,0.3,7.62,0.762,0.051,0.051,1.3,0.13,Stainless Steel Type 316,SS316,15.5771,15.577,69.29,7.066,7065.77,Squared and Ground,Factory Option,3.6829,3.6829,Reference,Reference,5.68,5.68,Passivate per ASTM A967,1,Standard Compression Series (inch),ASTM A313,0.318,0.318,8.08,0.808,Reference,Reference,Reference,Reference,,0.0040969
LC 051F 03 M,LC 051F 03 M,LC051F03M,Compression Spring,Stock,,No,Yes,Yes,Yes,Yes,Yes,Yes,Yes,Yes,NR,0.42,0.42,10.67,1.067,+/-0.008,+/-0.008,+/-0.2,+/-0.02,0.438,0.438,11.13,1.113,0.306,0.306,7.77,0.777,MIN,MIN,MIN,MIN,0.75,0.75,19.05,1.905,0.024,0.024,0.61,0.061,44.3,44.3,7.758,77.58,0.7911,7.911,791.11,7911.1,4.43,4.43,0.7758,7.758,0.07911,0.7911,79.111,791.11,0.345,0.345,8.76,0.876,0.051,0.051,1.3,0.13,Music Wire,MW,18.7,18.7,83.18,8.482,8482.32,Squared and Ground,Factory Option,4.5592,4.5592,Reference,Reference,6.56,6.56,Zinc Plate and Bake per ASTM B633,1,Standard Compression Series (inch),ASTM A228,0.318,0.318,8.08,0.808,Reference,Reference,Reference,Reference,,0.0046402
LC 051F 03 S,LC 051F 03 S,LC051F03S,Compression Spring,Stock,,No,Yes,Yes,Yes,Yes,Yes,Yes,Yes,Yes,NR,0.42,0.42,10.67,1.067,+/-0.008,+/-0.008,+/-0.2,+/-0.02,0.438,0.438,11.13,1.113,0.306,0.306,7.77,0.777,MIN,MIN,MIN,MIN,0.75,0.75,19.05,1.905,0.024,0.024,0.61,0.061,36.9,36.9,6.462,64.62,0.659,6.59,658.96,6589.6,3.69,3.69,0.6462,6.462,0.0659,0.659,65.896,658.96,0.345,0.345,8.76,0.876,0.051,0.051,1.3,0.13,Stainless Steel,SS,15.5771,15.577,69.29,7.066,7065.77,Squared and Ground,Factory Option,4.5612,4.5612,Reference,Reference,6.56,6.56,Passivate per ASTM A967,1,Standard Compression Series (inch),ASTM A313,0.318,0.318,8.08,0.808,Reference,Reference,Reference,Reference,,0.0047301
LC 051F 03 S316,LC 051F 03 S316,LC051F03S316,Compression Spring,Stock,,No,Yes,Yes,Yes,Yes,Yes,Yes,Yes,Yes,NR,0.42,0.42,10.67,1.067,+/-0.008,+/-0.008,+/-0.2,+/-0.02,0.438,0.438,11.13,1.113,0.306,0.306,7.77,0.777,MIN,MIN,MIN,MIN,0.75,0.75,19.05,1.905,0.024,0.024,0.61,0.061,36.9,36.9,6.462,64.62,0.659,6.59,658.96,6589.6,3.69,3.69,0.6462,6.462,0.0659,0.659,65.896,658.96,0.345,0.345,8.76,0.876,0.051,0.051,1.3,0.13,Stainless Steel Type 316,SS316,15.5771,15.577,69.29,7.066,7065.77,Squared and Ground,Factory Option,4.5612,4.5612,Reference,Reference,6.56,6.56,Passivate per ASTM A967,1,Standard Compression Series (inch),ASTM A313,0.318,0.318,8.08,0.808,Reference,Reference,Reference,Reference,,0.0047301
LC 051F 04 M,LC 051F 04 M,LC051F04M,Compression Spring,Stock,,No,Yes,Yes,Yes,Yes,Yes,Yes,Yes,Yes,NR,0.42,0.42,10.67,1.067,+/-0.008,+/-0.008,+/-0.2,+/-0.02,0.438,0.438,11.13,1.113,0.306,0.306,7.77,0.777,MIN,MIN,MIN,MIN,0.875,0.875,22.23,2.223,0.028,0.028,0.71,0.071,37.1,37.1,6.497,64.97,0.6625,6.625,662.53,6625.3,3.71,3.71,0.6497,6.497,0.06625,0.6625,66.253,662.53,0.39,0.39,9.91,0.991,0.051,0.051,1.3,0.13,Music Wire,MW,18.7,18.7,83.18,8.482,8482.32,Squared and Ground,Factory Option,5.444,5.444,Reference,Reference,7.44,7.44,Zinc Plate and Bake per ASTM B633,1,Standard Compression Series (inch),ASTM A228,0.318,0.318,8.08,0.808,Reference,Reference,Reference,Reference,,0.0052662
LC 051F 04 S,LC 051F 04 S,LC051F04S,Compression Spring,Stock,,No,Yes,Yes,Yes,Yes,Yes,Yes,Yes,Yes,NR,0.42,0.42,10.67,1.067,+/-0.008,+/-0.008,+/-0.2,+/-0.02,0.438,0.438,11.13,1.113,0.306,0.306,7.77,0.777,MIN,MIN,MIN,MIN,0.875,0.875,22.23,2.223,0.028,0.028,0.71,0.071,30.9,30.9,5.412,54.12,0.5518,5.518,551.81,5518.1,3.09,3.09,0.5412,5.412,0.05518,0.5518,55.181,551.81,0.39,0.39,9.91,0.991,0.051,0.051,1.3,0.13,Stainless Steel,SS,15.5771,15.577,69.29,7.066,7065.77,Squared and Ground,Factory Option,5.4469,5.4469,Reference,Reference,7.45,7.45,Passivate per ASTM A967,1,Standard Compression Series (inch),ASTM A313,0.318,0.318,8.08,0.808,Reference,Reference,Reference,Reference,,0.0053686
LC 051F 04 S316,LC 051F 04 S316,LC051F04S316,Compression Spring,Stock,,No,Yes,Yes,Yes,Yes,Yes,Yes,Yes,Yes,NR,0.42,0.42,10.67,1.067,+/-0.008,+/-0.008,+/-0.2,+/-0.02,0.438,0.438,11.13,1.113,0.306,0.306,7.77,0.777,MIN,MIN,MIN,MIN,0.875,0.875,22.23,2.223,0.028,0.028,0.71,0.071,30.9,30.9,5.412,54.12,0.5518,5.518,551.81,5518.1,3.09,3.09,0.5412,5.412,0.05518,0.5518,55.181,551.81,0.39,0.39,9.91,0.991,0.051,0.051,1.3,0.13,Stainless Steel Type 316,SS316,15.5771,15.577,69.29,7.066,7065.77,Squared and Ground,Factory Option,5.4469,5.4469,Reference,Reference,7.45,7.45,Passivate per ASTM A967,1,Standard Compression Series (inch),ASTM A313,0.318,0.318,8.08,0.808,Reference,Reference,Reference,Reference,,0.0053686
LC 051F 05 M,LC 051F 05 M,LC051F05M,Compression Spring,Stock,,No,Yes,Yes,Yes,Yes,Yes,Yes,Yes,Yes,NR,0.42,0.42,10.67,1.067,+/-0.008,+/-0.008,+/-0.2,+/-0.02,0.438,0.438,11.13,1.113,0.306,0.306,7.77,0.777,MIN,MIN,MIN,MIN,1,1,25.4,2.54,0.033,0.033,0.84,0.084,32,32,5.604,56.04,0.5715,5.715,571.46,5714.6,3.2,3.2,0.5604,5.604,0.05715,0.5715,57.146,571.46,0.434,0.434,11.02,1.102,0.051,0.051,1.3,0.13,Music Wire,MW,18.7,18.7,83.18,8.482,8482.32,Squared and Ground,Factory Option,6.3116,6.3116,Reference,Reference,8.31,8.31,Zinc Plate and Bake per ASTM B633,1,Standard Compression Series (inch),ASTM A228,0.318,0.318,8.08,0.808,Reference,Reference,Reference,Reference,,0.00588
LC 051F 05 S,LC 051F 05 S,LC051F05S,Compression Spring,Stock,,No,Yes,Yes,Yes,Yes,Yes,Yes,Yes,Yes,NR,0.42,0.42,10.67,1.067,+/-0.008,+/-0.008,+/-0.2,+/-0.02,0.438,0.438,11.13,1.113,0.306,0.306,7.77,0.777,MIN,MIN,MIN,MIN,1,1,25.4,2.54,0.033,0.033,0.84,0.084,26.7,26.7,4.676,46.76,0.4768,4.768,476.81,4768.1,2.67,2.67,0.4676,4.676,0.04768,0.4768,47.681,476.81,0.434,0.434,11.02,1.102,0.051,0.051,1.3,0.13,Stainless Steel,SS,15.5771,15.577,69.29,7.066,7065.77,Squared and Ground,Factory Option,6.3037,6.3037,Reference,Reference,8.3,8.3,Passivate per ASTM A967,1,Standard Compression Series (inch),ASTM A313,0.318,0.318,8.08,0.808,Reference,Reference,Reference,Reference,,0.0059863
LC 051F 05 S316,LC 051F 05 S316,LC051F05S316,Compression Spring,Stock,,No,Yes,Yes,Yes,Yes,Yes,Yes,Yes,Yes,NR,0.42,0.42,10.67,1.067,+/-0.008,+/-0.008,+/-0.2,+/-0.02,0.438,0.438,11.13,1.113,0.306,0.306,7.77,0.777,MIN,MIN,MIN,MIN,1,1,25.4,2.54,0.033,0.033,0.84,0.084,26.7,26.7,4.676,46.76,0.4768,4.768,476.81,4768.1,2.67,2.67,0.4676,4.676,0.04768,0.4768,47.681,476.81,0.434,0.434,11.02,1.102,0.051,0.051,1.3,0.13,Stainless Steel Type 316,SS316,15.5771,15.577,69.29,7.066,7065.77,Squared and Ground,Factory Option,6.3037,6.3037,Reference,Reference,8.3,8.3,Passivate per ASTM A967,1,Standard Compression Series (inch),ASTM A313,0.318,0.318,8.08,0.808,Reference,Reference,Reference,Reference,,0.0059863
LC 051F 06 M,LC 051F 06 M,LC051F06M,Compression Spring,Stock,,No,Yes,Yes,Yes,Yes,Yes,Yes,Yes,Yes,NR,0.42,0.42,10.67,1.067,+/-0.008,+/-0.008,+/-0.2,+/-0.02,0.438,0.438,11.13,1.113,0.306,0.306,7.77,0.777,MIN,MIN,MIN,MIN,1.25,1.25,31.75,3.175,0.039,0.039,0.99,0.099,25,25,4.378,43.78,0.4465,4.465,446.45,4464.5,2.5,2.5,0.4378,4.378,0.04465,0.4465,44.645,446.45,0.525,0.525,13.34,1.334,0.051,0.051,1.3,0.13,Music Wire,MW,18.7,18.7,83.18,8.482,8482.32,Squared and Ground,Factory Option,8.0789,8.0789,Reference,Reference,10.08,10.08,Zinc Plate and Bake per ASTM B633,1,Standard Compression Series (inch),ASTM A228,0.318,0.318,8.08,0.808,Reference,Reference,Reference,Reference,,0.0071302
LC 051F 06 S,LC 051F 06 S,LC051F06S,Compression Spring,Stock,,No,Yes,Yes,Yes,Yes,Yes,Yes,Yes,Yes,NR,0.42,0.42,10.67,1.067,+/-0.008,+/-0.008,+/-0.2,+/-0.02,0.438,0.438,11.13,1.113,0.306,0.306,7.77,0.777,MIN,MIN,MIN,MIN,1.25,1.25,31.75,3.175,0.039,0.039,0.99,0.099,20.8,20.8,3.643,36.43,0.3714,3.714,371.45,3714.5,2.08,2.08,0.3643,3.643,0.03714,0.3714,37.145,371.45,0.525,0.525,13.34,1.334,0.051,0.051,1.3,0.13,Stainless Steel,SS,15.5771,15.577,69.29,7.066,7065.77,Squared and Ground,Factory Option,8.0918,8.0918,Reference,Reference,10.09,10.09,Passivate per ASTM A967,1,Standard Compression Series (inch),ASTM A313,0.318,0.318,8.08,0.808,Reference,Reference,Reference,Reference,,0.0072754
LC 051F 06 S316,LC 051F 06 S316,LC051F06S316,Compression Spring,Stock,,No,Yes,Yes,Yes,Yes,Yes,Yes,Yes,Yes,NR,0.42,0.42,10.67,1.067,+/-0.008,+/-0.008,+/-0.2,+/-0.02,0.438,0.438,11.13,1.113,0.306,0.306,7.77,0.777,MIN,MIN,MIN,MIN,1.25,1.25,31.75,3.175,0.039,0.039,0.99,0.099,20.8,20.8,3.643,36.43,0.3714,3.714,371.45,3714.5,2.08,2.08,0.3643,3.643,0.03714,0.3714,37.145,371.45,0.525,0.525,13.34,1.334,0.051,0.051,1.3,0.13,Stainless Steel Type 316,SS316,15.5771,15.577,69.29,7.066,7065.77,Squared and Ground,Factory Option,8.0918,8.0918,Reference,Reference,10.09,10.09,Passivate per ASTM A967,1,Standard Compression Series (inch),ASTM A313,0.318,0.318,8.08,0.808,Reference,Reference,Reference,Reference,,0.0072754
LC 051F 07 M,LC 051F 07 M,LC051F07M,Compression Spring,Stock,,No,Yes,Yes,Yes,Yes,Yes,Yes,Yes,Yes,NR,0.42,0.42,10.67,1.067,+/-0.008,+/-0.008,+/-0.2,+/-0.02,0.438,0.438,11.13,1.113,0.306,0.306,7.77,0.777,MIN,MIN,MIN,MIN,1.5,1.5,38.1,3.81,0.048,0.048,1.22,0.122,20.5,20.5,3.59,35.9,0.3661,3.661,366.09,3660.9,2.05,2.05,0.359,3.59,0.03661,0.3661,36.609,366.09,0.615,0.615,15.62,1.562,0.051,0.051,1.3,0.13,Music Wire,MW,18.7,18.7,83.18,8.482,8482.32,Squared and Ground,Factory Option,9.8523,9.8523,Reference,Reference,11.85,11.85,Zinc Plate and Bake per ASTM B633,1,Standard Compression Series (inch),ASTM A228,0.318,0.318,8.08,0.808,Reference,Reference,Reference,Reference,,0.0083848
LC 051F 07 S,LC 051F 07 S,LC051F07S,Compression Spring,Stock,,No,Yes,Yes,Yes,Yes,Yes,Yes,Yes,Yes,NR,0.42,0.42,10.67,1.067,+/-0.008,+/-0.008,+/-0.2,+/-0.02,0.438,0.438,11.13,1.113,0.306,0.306,7.77,0.777,MIN,MIN,MIN,MIN,1.5,1.5,38.1,3.81,0.048,0.048,1.22,0.122,17.1,17.1,2.995,29.95,0.3054,3.054,305.37,3053.7,1.71,1.71,0.2995,2.995,0.03054,0.3054,30.537,305.37,0.615,0.615,15.62,1.562,0.051,0.051,1.3,0.13,Stainless Steel,SS,15.5771,15.577,69.29,7.066,7065.77,Squared and Ground,Factory Option,9.8427,9.8427,Reference,Reference,11.84,11.84,Passivate per ASTM A967,1,Standard Compression Series (inch),ASTM A313,0.318,0.318,8.08,0.808,Reference,Reference,Reference,Reference,,0.0085376
LC 051F 07 S316,LC 051F 07 S316,LC051F07S316,Compression Spring,Stock,,No,Yes,Yes,Yes,Yes,Yes,Yes,Yes,Yes,NR,0.42,0.42,10.67,1.067,+/-0.008,+/-0.008,+/-0.2,+/-0.02,0.438,0.438,11.13,1.113,0.306,0.306,7.77,0.777,MIN,MIN,MIN,MIN,1.5,1.5,38.1,3.81,0.048,0.048,1.22,0.122,17.1,17.1,2.995,29.95,0.3054,3.054,305.37,3053.7,1.71,1.71,0.2995,2.995,0.03054,0.3054,30.537,305.37,0.615,0.615,15.62,1.562,0.051,0.051,1.3,0.13,Stainless Steel Type 316,SS316,15.5771,15.577,69.29,7.066,7065.77,Squared and Ground,Factory Option,9.8427,9.8427,Reference,Reference,11.84,11.84,Passivate per ASTM A967,1,Standard Compression Series (inch),ASTM A313,0.318,0.318,8.08,0.808,Reference,Reference,Reference,Reference,,0.0085376
LC 051F 08 M,LC 051F 08 M,LC051F08M,Compression Spring,Stock,,No,Yes,Yes,Yes,Yes,Yes,Yes,Yes,Yes,NR,0.42,0.42,10.67,1.067,+/-0.008,+/-0.008,+/-0.2,+/-0.02,0.438,0.438,11.13,1.113,0.306,0.306,7.77,0.777,MIN,MIN,MIN,MIN,1.75,1.75,44.45,4.445,0.053,0.053,1.35,0.135,17.4,17.4,3.047,30.47,0.3107,3.107,310.73,3107.3,1.74,1.74,0.3047,3.047,0.03107,0.3107,31.073,310.73,0.705,0.705,17.91,1.791,0.051,0.051,1.3,0.13,Music Wire,MW,18.7,18.7,83.18,8.482,8482.32,Squared and Ground,Factory Option,11.6076,11.6076,Reference,Reference,13.61,13.61,Zinc Plate and Bake per ASTM B633,1,Standard Compression Series (inch),ASTM A228,0.318,0.318,8.08,0.808,Reference,Reference,Reference,Reference,,0.0096266
LC 051F 08 S,LC 051F 08 S,LC051F08S,Compression Spring,Stock,,No,Yes,Yes,Yes,Yes,Yes,Yes,Yes,Yes,NR,0.42,0.42,10.67,1.067,+/-0.008,+/-0.008,+/-0.2,+/-0.02,0.438,0.438,11.13,1.113,0.306,0.306,7.77,0.777,MIN,MIN,MIN,MIN,1.75,1.75,44.45,4.445,0.053,0.053,1.35,0.135,14.5,14.5,2.539,25.39,0.2589,2.589,258.94,2589.4,1.45,1.45,0.2539,2.539,0.02589,0.2589,25.894,258.94,0.705,0.705,17.91,1.791,0.051,0.051,1.3,0.13,Stainless Steel,SS,15.5771,15.577,69.29,7.066,7065.77,Squared and Ground,Factory Option,11.6076,11.6076,Reference,Reference,13.61,13.61,Passivate per ASTM A967,1,Standard Compression Series (inch),ASTM A313,0.318,0.318,8.08,0.808,Reference,Reference,Reference,Reference,,0.00981
LC 051F 08 S316,LC 051F 08 S316,LC051F08S316,Compression Spring,Stock,,No,Yes,Yes,Yes,Yes,Yes,Yes,Yes,Yes,NR,0.42,0.42,10.67,1.067,+/-0.008,+/-0.008,+/-0.2,+/-0.02,0.438,0.438,11.13,1.113,0.306,0.306,7.77,0.777,MIN,MIN,MIN,MIN,1.75,1.75,44.45,4.445,0.053,0.053,1.35,0.135,14.5,14.5,2.539,25.39,0.2589,2.589,258.94,2589.4,1.45,1.45,0.2539,2.539,0.02589,0.2589,25.894,258.94,0.705,0.705,17.91,1.791,0.051,0.051,1.3,0.13,Stainless Steel Type 316,SS316,15.5771,15.577,69.29,7.066,7065.77,Squared and Ground,Factory Option,11.6076,11.6076,Reference,Reference,13.61,13.61,Passivate per ASTM A967,1,Standard Compression Series (inch),ASTM A313,0.318,0.318,8.08,0.808,Reference,Reference,Reference,Reference,,0.00981
LC 051F 09 M,LC 051F 09 M,LC051F09M,Compression Spring,Stock,,No,Yes,Yes,Yes,Yes,Yes,Yes,Yes,Yes,NR,0.42,0.42,10.67,1.067,+/-0.008,+/-0.008,+/-0.2,+/-0.02,0.438,0.438,11.13,1.113,0.306,0.306,7.77,0.777,MIN,MIN,MIN,MIN,2,2,50.8,5.08,0.062,0.062,1.57,0.157,15.1,15.1,2.645,26.45,0.2697,2.697,269.66,2696.6,1.51,1.51,0.2645,2.645,0.02697,0.2697,26.966,269.66,0.795,0.795,20.19,2.019,0.051,0.051,1.3,0.13,Music Wire,MW,18.7,18.7,83.18,8.482,8482.32,Squared and Ground,Factory Option,13.3756,13.3756,Reference,Reference,15.38,15.38,Zinc Plate and Bake per ASTM B633,1,Standard Compression Series (inch),ASTM A228,0.318,0.318,8.08,0.808,Reference,Reference,Reference,Reference,,0.0108774
LC 051F 09 S,LC 051F 09 S,LC051F09S,Compression Spring,Stock,,No,Yes,Yes,Yes,Yes,Yes,Yes,Yes,Yes,NR,0.42,0.42,10.67,1.067,+/-0.008,+/-0.008,+/-0.2,+/-0.02,0.438,0.438,11.13,1.113,0.306,0.306,7.77,0.777,MIN,MIN,MIN,MIN,2,2,50.8,5.08,0.062,0.062,1.57,0.157,12.6,12.6,2.207,22.07,0.225,2.25,225.01,2250.1,1.26,1.26,0.2207,2.207,0.0225,0.225,22.501,225.01,0.795,0.795,20.19,2.019,0.051,0.051,1.3,0.13,Stainless Steel,SS,15.5771,15.577,69.29,7.066,7065.77,Squared and Ground,Factory Option,13.3579,13.3579,Reference,Reference,15.36,15.36,Passivate per ASTM A967,1,Standard Compression Series (inch),ASTM A313,0.318,0.318,8.08,0.808,Reference,Reference,Reference,Reference,,0.0110718
LC 051F 09 S316,LC 051F 09 S316,LC051F09S316,Compression Spring,Stock,,No,Yes,Yes,Yes,Yes,Yes,Yes,Yes,Yes,NR,0.42,0.42,10.67,1.067,+/-0.008,+/-0.008,+/-0.2,+/-0.02,0.438,0.438,11.13,1.113,0.306,0.306,7.77,0.777,MIN,MIN,MIN,MIN,2,2,50.8,5.08,0.062,0.062,1.57,0.157,12.6,12.6,2.207,22.07,0.225,2.25,225.01,2250.1,1.26,1.26,0.2207,2.207,0.0225,0.225,22.501,225.01,0.795,0.795,20.19,2.019,0.051,0.051,1.3,0.13,Stainless Steel Type 316,SS316,15.5771,15.577,69.29,7.066,7065.77,Squared and Ground,Factory Option,13.3579,13.3579,Reference,Reference,15.36,15.36,Passivate per ASTM A967,1,Standard Compression Series (inch),ASTM A313,0.318,0.318,8.08,0.808,Reference,Reference,Reference,Reference,,0.0110718
LC 051F 10 M,LC 051F 10 M,LC051F10M,Compression Spring,Stock,,No,Yes,Yes,Yes,Yes,Yes,Yes,Yes,Yes,NR,0.42,0.42,10.67,1.067,+/-0.008,+/-0.008,+/-0.2,+/-0.02,0.438,0.438,11.13,1.113,0.306,0.306,7.77,0.777,MIN,MIN,MIN,MIN,2.25,2.25,57.15,5.715,0.07,0.07,1.78,0.178,13.4,13.4,2.347,23.47,0.2393,2.393,239.3,2393,1.34,1.34,0.2347,2.347,0.02393,0.2393,23.93,239.3,0.881,0.881,22.38,2.238,0.051,0.051,1.3,0.13,Music Wire,MW,18.7,18.7,83.18,8.482,8482.32,Squared and Ground,Factory Option,15.0725,15.0725,Reference,Reference,17.07,17.07,Zinc Plate and Bake per ASTM B633,1,Standard Compression Series (inch),ASTM A228,0.318,0.318,8.08,0.808,Reference,Reference,Reference,Reference,,0.0120779
LC 051F 10 S,LC 051F 10 S,LC051F10S,Compression Spring,Stock,,No,Yes,Yes,Yes,Yes,Yes,Yes,Yes,Yes,NR,0.42,0.42,10.67,1.067,+/-0.008,+/-0.008,+/-0.2,+/-0.02,0.438,0.438,11.13,1.113,0.306,0.306,7.77,0.777,MIN,MIN,MIN,MIN,2.25,2.25,57.15,5.715,0.07,0.07,1.78,0.178,11.2,11.2,1.961,19.61,0.2,2,200.01,2000.1,1.12,1.12,0.1961,1.961,0.02,0.2,20.001,200.01,0.881,0.881,22.38,2.238,0.051,0.051,1.3,0.13,Stainless Steel,SS,15.5771,15.577,69.29,7.066,7065.77,Squared and Ground,Factory Option,15.0277,15.0277,Reference,Reference,17.03,17.03,Passivate per ASTM A967,1,Standard Compression Series (inch),ASTM A313,0.318,0.318,8.08,0.808,Reference,Reference,Reference,Reference,,0.0122756
LC 051F 10 S316,LC 051F 10 S316,LC051F10S316,Compression Spring,Stock,,No,Yes,Yes,Yes,Yes,Yes,Yes,Yes,Yes,NR,0.42,0.42,10.67,1.067,+/-0.008,+/-0.008,+/-0.2,+/-0.02,0.438,0.438,11.13,1.113,0.306,0.306,7.77,0.777,MIN,MIN,MIN,MIN,2.25,2.25,57.15,5.715,0.07,0.07,1.78,0.178,11.2,11.2,1.961,19.61,0.2,2,200.01,2000.1,1.12,1.12,0.1961,1.961,0.02,0.2,20.001,200.01,0.881,0.881,22.38,2.238,0.051,0.051,1.3,0.13,Stainless Steel Type 316,SS316,15.5771,15.577,69.29,7.066,7065.77,Squared and Ground,Factory Option,15.0277,15.0277,Reference,Reference,17.03,17.03,Passivate per ASTM A967,1,Standard Compression Series (inch),ASTM A313,0.318,0.318,8.08,0.808,Reference,Reference,Reference,Reference,,0.0122756
LC 051F 11 M,LC 051F 11 M,LC051F11M,Compression Spring,Stock,,No,Yes,Yes,Yes,Yes,Yes,Yes,Yes,Yes,NR,0.42,0.42,10.67,1.067,+/-0.008,+/-0.008,+/-0.2,+/-0.02,0.438,0.438,11.13,1.113,0.306,0.306,7.77,0.777,MIN,MIN,MIN,MIN,2.5,2.5,63.5,6.35,0.088,0.088,2.24,0.224,12,12,2.102,21.02,0.2143,2.143,214.3,2143,1.2,1.2,0.2102,2.102,0.02143,0.2143,21.43,214.3,0.971,0.971,24.66,2.466,0.051,0.051,1.3,0.13,Music Wire,MW,18.7,18.7,83.18,8.482,8482.32,Squared and Ground,Factory Option,16.831,16.831,Reference,Reference,18.83,18.83,Zinc Plate and Bake per ASTM B633,1,Standard Compression Series (inch),ASTM A228,0.318,0.318,8.08,0.808,Reference,Reference,Reference,Reference,,0.0133219
LC 051F 11 S,LC 051F 11 S,LC051F11S,Compression Spring,Stock,,No,Yes,Yes,Yes,Yes,Yes,Yes,Yes,Yes,NR,0.42,0.42,10.67,1.067,+/-0.008,+/-0.008,+/-0.2,+/-0.02,0.438,0.438,11.13,1.113,0.306,0.306,7.77,0.777,MIN,MIN,MIN,MIN,2.5,2.5,63.5,6.35,0.088,0.088,2.24,0.224,10,10,1.751,17.51,0.1786,1.786,178.58,1785.8,1,1,0.1751,1.751,0.01786,0.1786,17.858,178.58,0.971,0.971,24.66,2.466,0.051,0.051,1.3,0.13,Stainless Steel,SS,15.5771,15.577,69.29,7.066,7065.77,Squared and Ground,Factory Option,16.831,16.831,Reference,Reference,18.83,18.83,Passivate per ASTM A967,1,Standard Compression Series (inch),ASTM A313,0.318,0.318,8.08,0.808,Reference,Reference,Reference,Reference,,0.0135757
LC 051F 11 S316,LC 051F 11 S316,LC051F11S316,Compression Spring,Stock,,No,Yes,Yes,Yes,Yes,Yes,Yes,Yes,Yes,NR,0.42,0.42,10.67,1.067,+/-0.008,+/-0.008,+/-0.2,+/-0.02,0.438,0.438,11.13,1.113,0.306,0.306,7.77,0.777,MIN,MIN,MIN,MIN,2.5,2.5,63.5,6.35,0.088,0.088,2.24,0.224,10,10,1.751,17.51,0.1786,1.786,178.58,1785.8,1,1,0.1751,1.751,0.01786,0.1786,17.858,178.58,0.971,0.971,24.66,2.466,0.051,0.051,1.3,0.13,Stainless Steel Type 316,SS316,15.5771,15.577,69.29,7.066,7065.77,Squared and Ground,Factory Option,16.831,16.831,Reference,Reference,18.83,18.83,Passivate per ASTM A967,1,Standard Compression Series (inch),ASTM A313,0.318,0.318,8.08,0.808,Reference,Reference,Reference,Reference,,0.0135757
LC 051G 01 M,LC 051G 01 M,LC051G01M,Compression Spring,Stock,,No,Yes,Yes,Yes,Yes,Yes,Yes,Yes,Yes,NR,0.48,0.48,12.19,1.219,+/-0.008,+/-0.008,+/-0.2,+/-0.02,0.5,0.5,12.7,1.27,0.365,0.365,9.27,0.927,MIN,MIN,MIN,MIN,0.5,0.5,12.7,1.27,0.018,0.018,0.46,0.046,57,57,9.983,99.83,1.0179,10.179,1017.91,10179.1,5.7,5.7,0.9983,9.983,0.10179,1.0179,101.791,1017.91,0.219,0.219,5.56,0.556,0.051,0.051,1.3,0.13,Music Wire,MW,16,16,71.17,7.258,7257.6,Squared and Ground,Factory Option,2.2548,2.2548,Reference,Reference,4.25,4.25,Zinc Plate and Bake per ASTM B633,1,Standard Compression Series (inch),ASTM A228,0.378,0.378,9.6,0.96,Reference,Reference,Reference,Reference,,0.0034995
LC 051G 01 S,LC 051G 01 S,LC051G01S,Compression Spring,Stock,,No,Yes,Yes,Yes,Yes,Yes,Yes,Yes,Yes,NR,0.48,0.48,12.19,1.219,+/-0.008,+/-0.008,+/-0.2,+/-0.02,0.5,0.5,12.7,1.27,0.365,0.365,9.27,0.927,MIN,MIN,MIN,MIN,0.5,0.5,12.7,1.27,0.018,0.018,0.46,0.046,47.5,47.5,8.319,83.19,0.8483,8.483,848.26,8482.6,4.75,4.75,0.8319,8.319,0.08483,0.8483,84.826,848.26,0.219,0.219,5.56,0.556,0.051,0.051,1.3,0.13,Stainless Steel,SS,13.328,13.328,59.29,6.046,6045.58,Squared and Ground,Factory Option,2.2548,2.2548,Reference,Reference,4.25,4.25,Passivate per ASTM A967,1,Standard Compression Series (inch),ASTM A313,0.378,0.378,9.6,0.96,Reference,Reference,Reference,Reference,,0.0035662
LC 051G 01 S316,LC 051G 01 S316,LC051G01S316,Compression Spring,Stock,,No,Yes,Yes,Yes,Yes,Yes,Yes,Yes,Yes,NR,0.48,0.48,12.19,1.219,+/-0.008,+/-0.008,+/-0.2,+/-0.02,0.5,0.5,12.7,1.27,0.365,0.365,9.27,0.927,MIN,MIN,MIN,MIN,0.5,0.5,12.7,1.27,0.018,0.018,0.46,0.046,47.5,47.5,8.319,83.19,0.8483,8.483,848.26,8482.6,4.75,4.75,0.8319,8.319,0.08483,0.8483,84.826,848.26,0.219,0.219,5.56,0.556,0.051,0.051,1.3,0.13,Stainless Steel Type 316,SS316,13.328,13.328,59.29,6.046,6045.58,Squared and Ground,Factory Option,2.2548,2.2548,Reference,Reference,4.25,4.25,Passivate per ASTM A967,1,Standard Compression Series (inch),ASTM A313,0.378,0.378,9.6,0.96,Reference,Reference,Reference,Reference,,0.0035662
LC 051G 02 M,LC 051G 02 M,LC051G02M,Compression Spring,Stock,,No,Yes,Yes,Yes,Yes,Yes,Yes,Yes,Yes,NR,0.48,0.48,12.19,1.219,+/-0.008,+/-0.008,+/-0.2,+/-0.02,0.5,0.5,12.7,1.27,0.365,0.365,9.27,0.927,MIN,MIN,MIN,MIN,0.625,0.625,15.88,1.588,0.02,0.02,0.51,0.051,43,43,7.531,75.31,0.7679,7.679,767.89,7678.9,4.3,4.3,0.7531,7.531,0.07679,0.7679,76.789,767.89,0.255,0.255,6.48,0.648,0.051,0.051,1.3,0.13,Music Wire,MW,16,16,71.17,7.258,7257.6,Squared and Ground,Factory Option,2.989,2.989,Reference,Reference,4.99,4.99,Zinc Plate and Bake per ASTM B633,1,Standard Compression Series (inch),ASTM A228,0.378,0.378,9.6,0.96,Reference,Reference,Reference,Reference,,0.0041033
LC 051G 02 S,LC 051G 02 S,LC051G02S,Compression Spring,Stock,,No,Yes,Yes,Yes,Yes,Yes,Yes,Yes,Yes,NR,0.48,0.48,12.19,1.219,+/-0.008,+/-0.008,+/-0.2,+/-0.02,0.5,0.5,12.7,1.27,0.365,0.365,9.27,0.927,MIN,MIN,MIN,MIN,0.625,0.625,15.88,1.588,0.02,0.02,0.51,0.051,35.8,35.8,6.27,62.7,0.6393,6.393,639.32,6393.2,3.58,3.58,0.627,6.27,0.06393,0.6393,63.932,639.32,0.255,0.255,6.48,0.648,0.051,0.051,1.3,0.13,Stainless Steel,SS,13.328,13.328,59.29,6.046,6045.58,Squared and Ground,Factory Option,2.9918,2.9918,Reference,Reference,4.99,4.99,Passivate per ASTM A967,1,Standard Compression Series (inch),ASTM A313,0.378,0.378,9.6,0.96,Reference,Reference,Reference,Reference,,0.0041838
LC 051G 02 S316,LC 051G 02 S316,LC051G02S316,Compression Spring,Stock,,No,Yes,Yes,Yes,Yes,Yes,Yes,Yes,Yes,NR,0.48,0.48,12.19,1.219,+/-0.008,+/-0.008,+/-0.2,+/-0.02,0.5,0.5,12.7,1.27,0.365,0.365,9.27,0.927,MIN,MIN,MIN,MIN,0.625,0.625,15.88,1.588,0.02,0.02,0.51,0.051,35.8,35.8,6.27,62.7,0.6393,6.393,639.32,6393.2,3.58,3.58,0.627,6.27,0.06393,0.6393,63.932,639.32,0.255,0.255,6.48,0.648,0.051,0.051,1.3,0.13,Stainless Steel Type 316,SS316,13.328,13.328,59.29,6.046,6045.58,Squared and Ground,Factory Option,2.9918,2.9918,Reference,Reference,4.99,4.99,Passivate per ASTM A967,1,Standard Compression Series (inch),ASTM A313,0.378,0.378,9.6,0.96,Reference,Reference,Reference,Reference,,0.0041838
LC 051G 03 M,LC 051G 03 M,LC051G03M,Compression Spring,Stock,,No,Yes,Yes,Yes,Yes,Yes,Yes,Yes,Yes,NR,0.48,0.48,12.19,1.219,+/-0.008,+/-0.008,+/-0.2,+/-0.02,0.5,0.5,12.7,1.27,0.365,0.365,9.27,0.927,MIN,MIN,MIN,MIN,0.75,0.75,19.05,1.905,0.024,0.024,0.61,0.061,37,37,6.48,64.8,0.6607,6.607,660.75,6607.5,3.7,3.7,0.648,6.48,0.06607,0.6607,66.075,660.75,0.291,0.291,7.39,0.739,0.051,0.051,1.3,0.13,Music Wire,MW,16,16,71.17,7.258,7257.6,Squared and Ground,Factory Option,3.4737,3.4737,Reference,Reference,5.47,5.47,Zinc Plate and Bake per ASTM B633,1,Standard Compression Series (inch),ASTM A228,0.378,0.378,9.6,0.96,Reference,Reference,Reference,Reference,,0.004502
LC 051G 03 S,LC 051G 03 S,LC051G03S,Compression Spring,Stock,,No,Yes,Yes,Yes,Yes,Yes,Yes,Yes,Yes,NR,0.48,0.48,12.19,1.219,+/-0.008,+/-0.008,+/-0.2,+/-0.02,0.5,0.5,12.7,1.27,0.365,0.365,9.27,0.927,MIN,MIN,MIN,MIN,0.75,0.75,19.05,1.905,0.024,0.024,0.61,0.061,30.8,30.8,5.394,53.94,0.55,5.5,550.03,5500.3,3.08,3.08,0.5394,5.394,0.055,0.55,55.003,550.03,0.291,0.291,7.39,0.739,0.051,0.051,1.3,0.13,Stainless Steel,SS,13.328,13.328,59.29,6.046,6045.58,Squared and Ground,Factory Option,3.4775,3.4775,Reference,Reference,5.48,5.48,Passivate per ASTM A967,1,Standard Compression Series (inch),ASTM A313,0.378,0.378,9.6,0.96,Reference,Reference,Reference,Reference,,0.0045909
LC 051G 03 S316,LC 051G 03 S316,LC051G03S316,Compression Spring,Stock,,No,Yes,Yes,Yes,Yes,Yes,Yes,Yes,Yes,NR,0.48,0.48,12.19,1.219,+/-0.008,+/-0.008,+/-0.2,+/-0.02,0.5,0.5,12.7,1.27,0.365,0.365,9.27,0.927,MIN,MIN,MIN,MIN,0.75,0.75,19.05,1.905,0.024,0.024,0.61,0.061,30.8,30.8,5.394,53.94,0.55,5.5,550.03,5500.3,3.08,3.08,0.5394,5.394,0.055,0.55,55.003,550.03,0.291,0.291,7.39,0.739,0.051,0.051,1.3,0.13,Stainless Steel Type 316,SS316,13.328,13.328,59.29,6.046,6045.58,Squared and Ground,Factory Option,3.4775,3.4775,Reference,Reference,5.48,5.48,Passivate per ASTM A967,1,Standard Compression Series (inch),ASTM A313,0.378,0.378,9.6,0.96,Reference,Reference,Reference,Reference,,0.0045909
LC 051G 04 M,LC 051G 04 M,LC051G04M,Compression Spring,Stock,,No,Yes,Yes,Yes,Yes,Yes,Yes,Yes,Yes,NR,0.48,0.48,12.19,1.219,+/-0.008,+/-0.008,+/-0.2,+/-0.02,0.5,0.5,12.7,1.27,0.365,0.365,9.27,0.927,MIN,MIN,MIN,MIN,0.875,0.875,22.23,2.223,0.028,0.028,0.71,0.071,29.5,29.5,5.166,51.66,0.5268,5.268,526.81,5268.1,2.95,2.95,0.5166,5.166,0.05268,0.5268,52.681,526.81,0.321,0.321,8.15,0.815,0.051,0.051,1.3,0.13,Music Wire,MW,16,16,71.17,7.258,7257.6,Squared and Ground,Factory Option,4.3569,4.3569,Reference,Reference,6.36,6.36,Zinc Plate and Bake per ASTM B633,1,Standard Compression Series (inch),ASTM A228,0.378,0.378,9.6,0.96,Reference,Reference,Reference,Reference,,0.0052284
