title,model,field_published_stock_code,field_product_type,field_spring_type,field_product_category,field_original_publication_date,field_published_in_us,field_published_in_mexico,field_published_in_india,field_published_in_china,field_published_in_uk,field_published_in_germany,field_published_in_italy,field_published_in_spain,field_published_in_france,field_revision,field_outside_dia_bd_spe_in,field_outside_dia_in,field_outside_dia_mm,field_outside_dia_cm,field_out_dia_tol_bld_spc_in,field_out_dia_tol_in,field_out_dia_tol_mm,field_out_dia_tol_cm,field_hole_dia_bd_spe_in,field_hole_dia_in,field_hole_dia_mm,field_hole_dia_cm,field_rod_dia_bd_spe_in,field_rod_dia_in,field_rod_dia_mm,field_rod_dia_cm,field_rod_dia_tole_bd_spe_in,field_rod_dia_tole_in,field_rod_dia_tole_mm,field_rod_dia_tole_cm,field_free_len_bd_spe_in,field_free_len_in,field_free_len_mm,field_free_len_cm,field_free_len_tole_bd_spe_in,field_free_len_tole_in,field_free_len_tole_mm,field_free_len_tole_cm,field_rate_bd_spe_lb_in,field_rate_lb_in,field_rate_n_mm,field_rate_n_cm,field_rate_kg_mm,field_rate_kg_cm,field_rate_gm_mm,field_rate_gm_cm,field_rate_tole_bd_spe_lb_in,field_rate_tole_lb_in,field_rate_tole_n_mm,field_rate_tole_n_cm,field_rate_tole_kg_mm,field_rate_tole_kg_cm,field_rate_tole_gm_mm,field_rate_tole_gm_cm,field_solid_height_bd_spe_in,field_solid_height_in,field_solid_height_mm,field_solid_height_cm,field_wire_dia_bd_spe_in,field_wire_dia_in,field_wire_dia_mm,field_wire_dia_cm,field_material,field_material_short_description,field_load_at_solid_height_bd_lb,field_load_at_solid_height_lb,field_load_at_solid_height_n,field_load_at_solid_height_kg,field_load_at_solid_height_gm,field_end,field_direction_of_wind,field_active_coils_bd_spe,field_active_coils,field_active_coils_tole_bd_spe,field_active_coils_tole,field_total_coils_bd_spe,field_total_coils,field_finish,field_product_series,field_material_specification,field_inside_dia_bd_spe_in,field_inside_dia_in,field_inside_dia_mm,field_inside_dia_cm,field_ins_dia_tol_bld_spec_in,field_field_inside_dia_tol_in,field_field_inside_dia_tol_mm,field_field_inside_dia_tol_cm,field_color,field_weight_per_item_lb,field_nominal_load_build_spec_lb,field_nominal_load_lb,field_nominal_load_n,field_nominal_load_kg,field_nominal_load_gm,field_working_height_bud_spc_in,field_working_height_in,field_working_height_mm,field_working_height_cm
LW 100 12 1250S,LW 100 12 1250S,LW100121250S,Compression Spring,41,Stock,,No,Yes,Yes,Yes,Yes,Yes,Yes,Yes,Yes,NR,0.951,0.951,24.16,2.416,Reference,Reference,Reference,Reference,1,1,25.4,2.54,0.73,0.73,18.54,1.854,MIN,MIN,MIN,MIN,1.25,1.25,31.75,3.175,0.18,0.18,4.57,0.457,15,15,2.627,26.27,0.2679,2.679,267.87,2678.7,3,3,0.5254,5.254,0.05357,0.5357,53.574,535.74,0.16,0.16,4.06,0.406,0.01,0.01,0.25,0.025,Stainless Steel Type 17-7 PH,17-7 PH,16.35,16.35,72.73,7.416,7416.36,Plain (End Turn is Wavy),Factory Option,15,15,Reference,Reference,15,15,Passivate per ASTM A967,REDUX™ Wave Series (inch),AMS 5529,0.779,0.779,19.79,1.979,Reference,Reference,Reference,Reference,,0.013052,12,12,53.38,5.443,5443.2,0.445,0.445,11.3,1.13
LW 100 12 1500S,LW 100 12 1500S,LW100121500S,Compression Spring,41,Stock,,No,Yes,Yes,Yes,Yes,Yes,Yes,Yes,Yes,NR,0.951,0.951,24.16,2.416,Reference,Reference,Reference,Reference,1,1,25.4,2.54,0.73,0.73,18.54,1.854,MIN,MIN,MIN,MIN,1.5,1.5,38.1,3.81,0.18,0.18,4.57,0.457,12,12,2.102,21.02,0.2143,2.143,214.3,2143,3,3,0.5254,5.254,0.05357,0.5357,53.574,535.74,0.19,0.19,4.83,0.483,0.01,0.01,0.25,0.025,Stainless Steel Type 17-7 PH,17-7 PH,15.72,15.72,69.93,7.131,7130.59,Plain (End Turn is Wavy),Factory Option,18,18,Reference,Reference,18,18,Passivate per ASTM A967,REDUX™ Wave Series (inch),AMS 5529,0.779,0.779,19.79,1.979,Reference,Reference,Reference,Reference,,0.014006,12,12,53.38,5.443,5443.2,0.519,0.519,13.18,1.318
LW 100 12 1750S,LW 100 12 1750S,LW100121750S,Compression Spring,41,Stock,,No,Yes,Yes,Yes,Yes,Yes,Yes,Yes,Yes,NR,0.951,0.951,24.16,2.416,Reference,Reference,Reference,Reference,1,1,25.4,2.54,0.73,0.73,18.54,1.854,MIN,MIN,MIN,MIN,1.75,1.75,44.45,4.445,0.21,0.21,5.33,0.533,11,11,1.926,19.26,0.1964,1.964,196.44,1964.4,2.75,2.75,0.4816,4.816,0.04911,0.4911,49.11,491.1,0.22,0.22,5.59,0.559,0.01,0.01,0.25,0.025,Stainless Steel Type 17-7 PH,17-7 PH,16.83,16.83,74.86,7.634,7634.09,Plain (End Turn is Wavy),Factory Option,21,21,Reference,Reference,21,21,Passivate per ASTM A967,REDUX™ Wave Series (inch),AMS 5529,0.779,0.779,19.79,1.979,Reference,Reference,Reference,Reference,,0.021938,12,12,53.38,5.443,5443.2,0.633,0.633,16.08,1.608
LW 100 12 2000S,LW 100 12 2000S,LW100122000S,Compression Spring,41,Stock,,No,Yes,Yes,Yes,Yes,Yes,Yes,Yes,Yes,NR,0.951,0.951,24.16,2.416,Reference,Reference,Reference,Reference,1,1,25.4,2.54,0.73,0.73,18.54,1.854,MIN,MIN,MIN,MIN,2,2,50.8,5.08,0.25,0.25,6.35,0.635,9,9,1.576,15.76,0.1607,1.607,160.72,1607.2,2.25,2.25,0.394,3.94,0.04018,0.4018,40.181,401.81,0.25,0.25,6.35,0.635,0.01,0.01,0.25,0.025,Stainless Steel Type 17-7 PH,17-7 PH,15.75,15.75,70.06,7.144,7144.2,Plain (End Turn is Wavy),Factory Option,24,24,Reference,Reference,24,24,Passivate per ASTM A967,REDUX™ Wave Series (inch),AMS 5529,0.779,0.779,19.79,1.979,Reference,Reference,Reference,Reference,,0.018675,12,12,53.38,5.443,5443.2,0.71,0.71,18.03,1.803
LW 100 18 0250S,LW 100 18 0250S,LW100180250S,Compression Spring,41,Stock,,No,Yes,Yes,Yes,Yes,Yes,Yes,Yes,Yes,NR,0.959,0.959,24.36,2.436,Reference,Reference,Reference,Reference,1,1,25.4,2.54,0.73,0.73,18.54,1.854,MIN,MIN,MIN,MIN,0.25,0.25,6.35,0.635,0.03,0.03,0.76,0.076,110,110,19.265,192.65,1.9644,19.644,1964.38,19643.8,27.5,27.5,4.8162,48.162,0.4911,4.911,491.095,4910.95,0.048,0.048,1.22,0.122,0.012,0.012,0.3,0.03,Stainless Steel Type 17-7 PH,17-7 PH,22.22,22.22,98.84,10.079,10078.99,Plain (End Turn is Wavy),Factory Option,3,3,Reference,Reference,3,3,Passivate per ASTM A967,REDUX™ Wave Series (inch),AMS 5529,0.771,0.771,19.58,1.958,Reference,Reference,Reference,Reference,,0.003424,18,18,80.07,8.165,8164.8,0.087,0.087,2.21,0.221
LW 100 18 0333S,LW 100 18 0333S,LW100180333S,Compression Spring,41,Stock,,No,Yes,Yes,Yes,Yes,Yes,Yes,Yes,Yes,NR,0.959,0.959,24.36,2.436,Reference,Reference,Reference,Reference,1,1,25.4,2.54,0.73,0.73,18.54,1.854,MIN,MIN,MIN,MIN,0.333,0.333,8.46,0.846,0.06,0.06,1.52,0.152,82,82,14.361,143.61,1.4644,14.644,1464.36,14643.6,20.5,20.5,3.5902,35.902,0.36609,3.6609,366.089,3660.89,0.06,0.06,1.52,0.152,0.012,0.012,0.3,0.03,Stainless Steel Type 17-7 PH,17-7 PH,22.386,22.386,99.58,10.154,10154.29,Plain (End Turn is Wavy),Factory Option,4,4,Reference,Reference,4,4,Passivate per ASTM A967,REDUX™ Wave Series (inch),AMS 5529,0.771,0.771,19.58,1.958,Reference,Reference,Reference,Reference,,0.004116,18,18,80.07,8.165,8164.8,0.113,0.113,2.87,0.287
LW 100 18 0417S,LW 100 18 0417S,LW100180417S,Compression Spring,41,Stock,,No,Yes,Yes,Yes,Yes,Yes,Yes,Yes,Yes,NR,0.959,0.959,24.36,2.436,Reference,Reference,Reference,Reference,1,1,25.4,2.54,0.73,0.73,18.54,1.854,MIN,MIN,MIN,MIN,0.417,0.417,10.59,1.059,0.06,0.06,1.52,0.152,67,67,11.734,117.34,1.1965,11.965,1196.49,11964.9,16.75,16.75,2.9335,29.335,0.29912,2.9912,299.122,2991.22,0.072,0.072,1.83,0.183,0.012,0.012,0.3,0.03,Stainless Steel Type 17-7 PH,17-7 PH,23.115,23.115,102.82,10.485,10484.96,Plain (End Turn is Wavy),Factory Option,5,5,Reference,Reference,5,5,Passivate per ASTM A967,REDUX™ Wave Series (inch),AMS 5529,0.771,0.771,19.58,1.958,Reference,Reference,Reference,Reference,,0.005706,18,18,80.07,8.165,8164.8,0.148,0.148,3.76,0.376
LW 100 18 0500S,LW 100 18 0500S,LW100180500S,Compression Spring,41,Stock,,No,Yes,Yes,Yes,Yes,Yes,Yes,Yes,Yes,NR,0.959,0.959,24.36,2.436,Reference,Reference,Reference,Reference,1,1,25.4,2.54,0.73,0.73,18.54,1.854,MIN,MIN,MIN,MIN,0.5,0.5,12.7,1.27,0.06,0.06,1.52,0.152,55,55,9.632,96.32,0.9822,9.822,982.19,9821.9,13.75,13.75,2.4081,24.081,0.24555,2.4555,245.548,2455.48,0.084,0.084,2.13,0.213,0.012,0.012,0.3,0.03,Stainless Steel Type 17-7 PH,17-7 PH,22.88,22.88,101.78,10.378,10378.37,Plain (End Turn is Wavy),Factory Option,6,6,Reference,Reference,6,6,Passivate per ASTM A967,REDUX™ Wave Series (inch),AMS 5529,0.771,0.771,19.58,1.958,Reference,Reference,Reference,Reference,,0.006174,18,18,80.07,8.165,8164.8,0.175,0.175,4.45,0.445
LW 100 18 0583S,LW 100 18 0583S,LW100180583S,Compression Spring,41,Stock,,No,Yes,Yes,Yes,Yes,Yes,Yes,Yes,Yes,NR,0.959,0.959,24.36,2.436,Reference,Reference,Reference,Reference,1,1,25.4,2.54,0.73,0.73,18.54,1.854,MIN,MIN,MIN,MIN,0.583,0.583,14.81,1.481,0.09,0.09,2.29,0.229,49,49,8.582,85.82,0.875,8.75,875.04,8750.4,12.25,12.25,2.1454,21.454,0.21876,2.1876,218.761,2187.61,0.096,0.096,2.44,0.244,0.012,0.012,0.3,0.03,Stainless Steel Type 17-7 PH,17-7 PH,23.863,23.863,106.15,10.824,10824.26,Plain (End Turn is Wavy),Factory Option,7,7,Reference,Reference,7,7,Passivate per ASTM A967,REDUX™ Wave Series (inch),AMS 5529,0.771,0.771,19.58,1.958,Reference,Reference,Reference,Reference,,0.007989,18,18,80.07,8.165,8164.8,0.212,0.212,5.38,0.538
LW 100 18 0750S,LW 100 18 0750S,LW100180750S,Compression Spring,41,Stock,,No,Yes,Yes,Yes,Yes,Yes,Yes,Yes,Yes,NR,0.959,0.959,24.36,2.436,Reference,Reference,Reference,Reference,1,1,25.4,2.54,0.73,0.73,18.54,1.854,MIN,MIN,MIN,MIN,0.75,0.75,19.05,1.905,0.09,0.09,2.29,0.229,38,38,6.655,66.55,0.6786,6.786,678.6,6786,9.5,9.5,1.6638,16.638,0.16965,1.6965,169.651,1696.51,0.12,0.12,3.05,0.305,0.012,0.012,0.3,0.03,Stainless Steel Type 17-7 PH,17-7 PH,23.94,23.94,106.49,10.859,10859.18,Plain (End Turn is Wavy),Factory Option,9,9,Reference,Reference,9,9,Passivate per ASTM A967,REDUX™ Wave Series (inch),AMS 5529,0.771,0.771,19.58,1.958,Reference,Reference,Reference,Reference,,0.009261,18,18,80.07,8.165,8164.8,0.276,0.276,7.01,0.701
LW 100 18 1000S,LW 100 18 1000S,LW100181000S,Compression Spring,41,Stock,,No,Yes,Yes,Yes,Yes,Yes,Yes,Yes,Yes,NR,0.959,0.959,24.36,2.436,Reference,Reference,Reference,Reference,1,1,25.4,2.54,0.73,0.73,18.54,1.854,MIN,MIN,MIN,MIN,1,1,25.4,2.54,0.12,0.12,3.05,0.305,28,28,4.904,49.04,0.5,5,500.02,5000.2,7,7,1.2259,12.259,0.12501,1.2501,125.006,1250.06,0.156,0.156,3.96,0.396,0.012,0.012,0.3,0.03,Stainless Steel Type 17-7 PH,17-7 PH,23.632,23.632,105.12,10.719,10719.48,Plain (End Turn is Wavy),Factory Option,12,12,Reference,Reference,12,12,Passivate per ASTM A967,REDUX™ Wave Series (inch),AMS 5529,0.771,0.771,19.58,1.958,Reference,Reference,Reference,Reference,,0.013695,18,18,80.07,8.165,8164.8,0.36,0.36,9.14,0.914
LW 100 18 1250S,LW 100 18 1250S,LW100181250S,Compression Spring,41,Stock,,No,Yes,Yes,Yes,Yes,Yes,Yes,Yes,Yes,NR,0.959,0.959,24.36,2.436,Reference,Reference,Reference,Reference,1,1,25.4,2.54,0.73,0.73,18.54,1.854,MIN,MIN,MIN,MIN,1.25,1.25,31.75,3.175,0.15,0.15,3.81,0.381,23,23,4.028,40.28,0.4107,4.107,410.73,4107.3,5.75,5.75,1.007,10.07,0.10268,1.0268,102.684,1026.84,0.192,0.192,4.88,0.488,0.012,0.012,0.3,0.03,Stainless Steel Type 17-7 PH,17-7 PH,24.334,24.334,108.24,11.038,11037.9,Plain (End Turn is Wavy),Factory Option,15,15,Reference,Reference,15,15,Passivate per ASTM A967,REDUX™ Wave Series (inch),AMS 5529,0.771,0.771,19.58,1.958,Reference,Reference,Reference,Reference,,0.015435,18,18,80.07,8.165,8164.8,0.452,0.452,11.48,1.148
LW 100 18 1500S,LW 100 18 1500S,LW100181500S,Compression Spring,41,Stock,,No,Yes,Yes,Yes,Yes,Yes,Yes,Yes,Yes,NR,0.959,0.959,24.36,2.436,Reference,Reference,Reference,Reference,1,1,25.4,2.54,0.73,0.73,18.54,1.854,MIN,MIN,MIN,MIN,1.5,1.5,38.1,3.81,0.18,0.18,4.57,0.457,19,19,3.328,33.28,0.3393,3.393,339.3,3393,4.75,4.75,0.8319,8.319,0.08483,0.8483,84.826,848.26,0.228,0.228,5.79,0.579,0.012,0.012,0.3,0.03,Stainless Steel Type 17-7 PH,17-7 PH,24.168,24.168,107.5,10.963,10962.6,Plain (End Turn is Wavy),Factory Option,18,18,Reference,Reference,18,18,Passivate per ASTM A967,REDUX™ Wave Series (inch),AMS 5529,0.771,0.771,19.58,1.958,Reference,Reference,Reference,Reference,,0.024664,18,18,80.07,8.165,8164.8,0.549,0.549,13.94,1.394
LW 100 18 1750S,LW 100 18 1750S,LW100181750S,Compression Spring,41,Stock,,No,Yes,Yes,Yes,Yes,Yes,Yes,Yes,Yes,NR,0.959,0.959,24.36,2.436,Reference,Reference,Reference,Reference,1,1,25.4,2.54,0.73,0.73,18.54,1.854,MIN,MIN,MIN,MIN,1.75,1.75,44.45,4.445,0.21,0.21,5.33,0.533,16,16,2.802,28.02,0.2857,2.857,285.73,2857.3,4,4,0.7005,7.005,0.07143,0.7143,71.432,714.32,0.264,0.264,6.71,0.671,0.012,0.012,0.3,0.03,Stainless Steel Type 17-7 PH,17-7 PH,23.776,23.776,105.76,10.785,10784.79,Plain (End Turn is Wavy),Factory Option,21,21,Reference,Reference,21,21,Passivate per ASTM A967,REDUX™ Wave Series (inch),AMS 5529,0.771,0.771,19.58,1.958,Reference,Reference,Reference,Reference,,0.02161,18,18,80.07,8.165,8164.8,0.65,0.65,16.51,1.651
LW 100 18 2000S,LW 100 18 2000S,LW100182000S,Compression Spring,41,Stock,,No,Yes,Yes,Yes,Yes,Yes,Yes,Yes,Yes,NR,0.959,0.959,24.36,2.436,Reference,Reference,Reference,Reference,1,1,25.4,2.54,0.73,0.73,18.54,1.854,MIN,MIN,MIN,MIN,2,2,50.8,5.08,0.25,0.25,6.35,0.635,14,14,2.452,24.52,0.25,2.5,250.01,2500.1,3.5,3.5,0.613,6.13,0.0625,0.625,62.503,625.03,0.3,0.3,7.62,0.762,0.012,0.012,0.3,0.03,Stainless Steel Type 17-7 PH,17-7 PH,23.8,23.8,105.87,10.796,10795.68,Plain (End Turn is Wavy),Factory Option,24,24,Reference,Reference,24,24,Passivate per ASTM A967,REDUX™ Wave Series (inch),AMS 5529,0.771,0.771,19.58,1.958,Reference,Reference,Reference,Reference,,0.032885,18,18,80.07,8.165,8164.8,0.72,0.72,18.29,1.829
LW 100 25 0250S,LW 100 25 0250S,LW100250250S,Compression Spring,41,Stock,,No,Yes,Yes,Yes,Yes,Yes,Yes,Yes,Yes,NR,0.959,0.959,24.36,2.436,Reference,Reference,Reference,Reference,1,1,25.4,2.54,0.73,0.73,18.54,1.854,MIN,MIN,MIN,MIN,0.25,0.25,6.35,0.635,0.03,0.03,0.76,0.076,210,210,36.778,367.78,3.7502,37.502,3750.18,37501.8,52.5,52.5,9.1945,91.945,0.93755,9.3755,937.545,9375.45,0.06,0.06,1.52,0.152,0.015,0.015,0.38,0.038,Stainless Steel Type 17-7 PH,17-7 PH,39.9,39.9,177.48,18.099,18098.64,Plain (End Turn is Wavy),Factory Option,3,3,Reference,Reference,3,3,Passivate per ASTM A967,REDUX™ Wave Series (inch),AMS 5529,0.771,0.771,19.58,1.958,Reference,Reference,Reference,Reference,,0.00428,25,25,111.21,11.34,11340,0.131,0.131,3.33,0.333
LW 100 25 0333S,LW 100 25 0333S,LW100250333S,Compression Spring,41,Stock,,No,Yes,Yes,Yes,Yes,Yes,Yes,Yes,Yes,NR,0.959,0.959,24.36,2.436,Reference,Reference,Reference,Reference,1,1,25.4,2.54,0.73,0.73,18.54,1.854,MIN,MIN,MIN,MIN,0.333,0.333,8.46,0.846,0.06,0.06,1.52,0.152,157,157,27.496,274.96,2.8037,28.037,2803.71,28037.1,39.25,39.25,6.874,68.74,0.70093,7.0093,700.927,7009.27,0.075,0.075,1.91,0.191,0.015,0.015,0.38,0.038,Stainless Steel Type 17-7 PH,17-7 PH,40.506,40.506,180.18,18.374,18373.52,Plain (End Turn is Wavy),Factory Option,4,4,Reference,Reference,4,4,Passivate per ASTM A967,REDUX™ Wave Series (inch),AMS 5529,0.771,0.771,19.58,1.958,Reference,Reference,Reference,Reference,,0.005145,25,25,111.21,11.34,11340,0.174,0.174,4.42,0.442
LW 100 25 0417S,LW 100 25 0417S,LW100250417S,Compression Spring,41,Stock,,No,Yes,Yes,Yes,Yes,Yes,Yes,Yes,Yes,NR,0.959,0.959,24.36,2.436,Reference,Reference,Reference,Reference,1,1,25.4,2.54,0.73,0.73,18.54,1.854,MIN,MIN,MIN,MIN,0.417,0.417,10.59,1.059,0.06,0.06,1.52,0.152,132,132,23.118,231.18,2.3573,23.573,2357.26,23572.6,33,33,5.7794,57.794,0.58931,5.8931,589.314,5893.14,0.09,0.09,2.29,0.229,0.015,0.015,0.38,0.038,Stainless Steel Type 17-7 PH,17-7 PH,43.164,43.164,192,19.579,19579.19,Plain (End Turn is Wavy),Factory Option,5,5,Reference,Reference,5,5,Passivate per ASTM A967,REDUX™ Wave Series (inch),AMS 5529,0.771,0.771,19.58,1.958,Reference,Reference,Reference,Reference,,0.007133,25,25,111.21,11.34,11340,0.227,0.227,5.77,0.577
LW 100 25 0500S,LW 100 25 0500S,LW100250500S,Compression Spring,41,Stock,,No,Yes,Yes,Yes,Yes,Yes,Yes,Yes,Yes,NR,0.959,0.959,24.36,2.436,Reference,Reference,Reference,Reference,1,1,25.4,2.54,0.73,0.73,18.54,1.854,MIN,MIN,MIN,MIN,0.5,0.5,12.7,1.27,0.06,0.06,1.52,0.152,107,107,18.739,187.39,1.9108,19.108,1910.81,19108.1,26.75,26.75,4.6848,46.848,0.4777,4.777,477.702,4777.02,0.105,0.105,2.67,0.267,0.015,0.015,0.38,0.038,Stainless Steel Type 17-7 PH,17-7 PH,42.265,42.265,188,19.171,19171.4,Plain (End Turn is Wavy),Factory Option,6,6,Reference,Reference,6,6,Passivate per ASTM A967,REDUX™ Wave Series (inch),AMS 5529,0.771,0.771,19.58,1.958,Reference,Reference,Reference,Reference,,0.010276,25,25,111.21,11.34,11340,0.266,0.266,6.76,0.676
LW 100 25 0583S,LW 100 25 0583S,LW100250583S,Compression Spring,41,Stock,,No,Yes,Yes,Yes,Yes,Yes,Yes,Yes,Yes,NR,0.959,0.959,24.36,2.436,Reference,Reference,Reference,Reference,1,1,25.4,2.54,0.73,0.73,18.54,1.854,MIN,MIN,MIN,MIN,0.583,0.583,14.81,1.481,0.09,0.09,2.29,0.229,95,95,16.638,166.38,1.6965,16.965,1696.51,16965.1,23.75,23.75,4.1594,41.594,0.42413,4.2413,424.128,4241.28,0.12,0.12,3.05,0.305,0.015,0.015,0.38,0.038,Stainless Steel Type 17-7 PH,17-7 PH,43.985,43.985,195.66,19.952,19951.6,Plain (End Turn is Wavy),Factory Option,7,7,Reference,Reference,7,7,Passivate per ASTM A967,REDUX™ Wave Series (inch),AMS 5529,0.771,0.771,19.58,1.958,Reference,Reference,Reference,Reference,,0.009986,25,25,111.21,11.34,11340,0.319,0.319,8.1,0.81
LW 100 25 0750S,LW 100 25 0750S,LW100250750S,Compression Spring,41,Stock,,No,Yes,Yes,Yes,Yes,Yes,Yes,Yes,Yes,NR,0.959,0.959,24.36,2.436,Reference,Reference,Reference,Reference,1,1,25.4,2.54,0.73,0.73,18.54,1.854,MIN,MIN,MIN,MIN,0.75,0.75,19.05,1.905,0.09,0.09,2.29,0.229,73,73,12.785,127.85,1.3036,13.036,1303.63,13036.3,18.25,18.25,3.1962,31.962,0.32591,3.2591,325.909,3259.09,0.15,0.15,3.81,0.381,0.015,0.015,0.38,0.038,Stainless Steel Type 17-7 PH,17-7 PH,43.8,43.8,194.83,19.868,19867.68,Plain (End Turn is Wavy),Factory Option,9,9,Reference,Reference,9,9,Passivate per ASTM A967,REDUX™ Wave Series (inch),AMS 5529,0.771,0.771,19.58,1.958,Reference,Reference,Reference,Reference,,0.011576,25,25,111.21,11.34,11340,0.406,0.406,10.31,1.031
LW 100 25 1000S,LW 100 25 1000S,LW100251000S,Compression Spring,41,Stock,,No,Yes,Yes,Yes,Yes,Yes,Yes,Yes,Yes,NR,0.959,0.959,24.36,2.436,Reference,Reference,Reference,Reference,1,1,25.4,2.54,0.73,0.73,18.54,1.854,MIN,MIN,MIN,MIN,1,1,25.4,2.54,0.12,0.12,3.05,0.305,54,54,9.457,94.57,0.9643,9.643,964.33,9643.3,13.5,13.5,2.3643,23.643,0.24108,2.4108,241.083,2410.83,0.195,0.195,4.95,0.495,0.015,0.015,0.38,0.038,Stainless Steel Type 17-7 PH,17-7 PH,43.47,43.47,193.36,19.718,19717.99,Plain (End Turn is Wavy),Factory Option,12,12,Reference,Reference,12,12,Passivate per ASTM A967,REDUX™ Wave Series (inch),AMS 5529,0.771,0.771,19.58,1.958,Reference,Reference,Reference,Reference,,0.017119,25,25,111.21,11.34,11340,0.541,0.541,13.74,1.374
LW 100 25 1250S,LW 100 25 1250S,LW100251250S,Compression Spring,41,Stock,,No,Yes,Yes,Yes,Yes,Yes,Yes,Yes,Yes,NR,0.959,0.959,24.36,2.436,Reference,Reference,Reference,Reference,1,1,25.4,2.54,0.73,0.73,18.54,1.854,MIN,MIN,MIN,MIN,1.25,1.25,31.75,3.175,0.15,0.15,3.81,0.381,45,45,7.881,78.81,0.8036,8.036,803.61,8036.1,11.25,11.25,1.9702,19.702,0.2009,2.009,200.903,2009.03,0.24,0.24,6.1,0.61,0.015,0.015,0.38,0.038,Stainless Steel Type 17-7 PH,17-7 PH,45.45,45.45,202.17,20.616,20616.12,Plain (End Turn is Wavy),Factory Option,15,15,Reference,Reference,15,15,Passivate per ASTM A967,REDUX™ Wave Series (inch),AMS 5529,0.771,0.771,19.58,1.958,Reference,Reference,Reference,Reference,,0.019294,25,25,111.21,11.34,11340,0.688,0.688,17.48,1.748
LW 100 25 1500S,LW 100 25 1500S,LW100251500S,Compression Spring,41,Stock,,No,Yes,Yes,Yes,Yes,Yes,Yes,Yes,Yes,NR,0.959,0.959,24.36,2.436,Reference,Reference,Reference,Reference,1,1,25.4,2.54,0.73,0.73,18.54,1.854,MIN,MIN,MIN,MIN,1.5,1.5,38.1,3.81,0.18,0.18,4.57,0.457,36,36,6.305,63.05,0.6429,6.429,642.89,6428.9,9,9,1.5762,15.762,0.16072,1.6072,160.722,1607.22,0.285,0.285,7.24,0.724,0.015,0.015,0.38,0.038,Stainless Steel Type 17-7 PH,17-7 PH,43.74,43.74,194.57,19.84,19840.46,Plain (End Turn is Wavy),Factory Option,18,18,Reference,Reference,18,18,Passivate per ASTM A967,REDUX™ Wave Series (inch),AMS 5529,0.771,0.771,19.58,1.958,Reference,Reference,Reference,Reference,,0.030829,25,25,111.21,11.34,11340,0.813,0.813,20.65,2.065
LW 100 25 1750S,LW 100 25 1750S,LW100251750S,Compression Spring,41,Stock,,No,Yes,Yes,Yes,Yes,Yes,Yes,Yes,Yes,NR,0.959,0.959,24.36,2.436,Reference,Reference,Reference,Reference,1,1,25.4,2.54,0.73,0.73,18.54,1.854,MIN,MIN,MIN,MIN,1.75,1.75,44.45,4.445,0.21,0.21,5.33,0.533,32,32,5.604,56.04,0.5715,5.715,571.46,5714.6,8,8,1.4011,14.011,0.14286,1.4286,142.864,1428.64,0.33,0.33,8.38,0.838,0.015,0.015,0.38,0.038,Stainless Steel Type 17-7 PH,17-7 PH,45.44,45.44,202.13,20.612,20611.58,Plain (End Turn is Wavy),Factory Option,21,21,Reference,Reference,21,21,Passivate per ASTM A967,REDUX™ Wave Series (inch),AMS 5529,0.771,0.771,19.58,1.958,Reference,Reference,Reference,Reference,,0.027011,25,25,111.21,11.34,11340,0.957,0.957,24.31,2.431
LW 100 25 2000S,LW 100 25 2000S,LW100252000S,Compression Spring,41,Stock,,No,Yes,Yes,Yes,Yes,Yes,Yes,Yes,Yes,NR,0.959,0.959,24.36,2.436,Reference,Reference,Reference,Reference,1,1,25.4,2.54,0.73,0.73,18.54,1.854,MIN,MIN,MIN,MIN,2,2,50.8,5.08,0.25,0.25,6.35,0.635,27,27,4.729,47.29,0.4822,4.822,482.17,4821.7,6.75,6.75,1.1821,11.821,0.12054,1.2054,120.542,1205.42,0.375,0.375,9.53,0.953,0.015,0.015,0.38,0.038,Stainless Steel Type 17-7 PH,17-7 PH,43.875,43.875,195.17,19.902,19901.7,Plain (End Turn is Wavy),Factory Option,24,24,Reference,Reference,24,24,Passivate per ASTM A967,REDUX™ Wave Series (inch),AMS 5529,0.771,0.771,19.58,1.958,Reference,Reference,Reference,Reference,,0.041106,25,25,111.21,11.34,11340,1.083,1.083,27.51,2.751
LW 112 12 0300S,LW 112 12 0300S,LW112120300S,Compression Spring,41,Stock,,No,Yes,Yes,Yes,Yes,Yes,Yes,Yes,Yes,NR,1.082,1.082,27.48,2.748,Reference,Reference,Reference,Reference,1.125,1.125,28.58,2.858,0.85,0.85,21.59,2.159,MIN,MIN,MIN,MIN,0.3,0.3,7.62,0.762,0.06,0.06,1.52,0.152,78,78,13.66,136.6,1.3929,13.929,1392.92,13929.2,19.5,19.5,3.4151,34.151,0.34823,3.4823,348.231,3482.31,0.048,0.048,1.22,0.122,0.012,0.012,0.3,0.03,Stainless Steel Type 17-7 PH,17-7 PH,19.656,19.656,87.43,8.916,8915.96,Plain (End Turn is Wavy),Factory Option,3,3,Reference,Reference,3,3,Passivate per ASTM A967,REDUX™ Wave Series (inch),AMS 5529,0.894,0.894,22.71,2.271,Reference,Reference,Reference,Reference,,0.003909,12,12,53.38,5.443,5443.2,0.146,0.146,3.71,0.371
LW 112 12 0400S,LW 112 12 0400S,LW112120400S,Compression Spring,41,Stock,,No,Yes,Yes,Yes,Yes,Yes,Yes,Yes,Yes,NR,1.082,1.082,27.48,2.748,Reference,Reference,Reference,Reference,1.125,1.125,28.58,2.858,0.85,0.85,21.59,2.159,MIN,MIN,MIN,MIN,0.4,0.4,10.16,1.016,0.06,0.06,1.52,0.152,56,56,9.807,98.07,1,10,1000.05,10000.5,14,14,2.4519,24.519,0.25001,2.5001,250.012,2500.12,0.06,0.06,1.52,0.152,0.012,0.012,0.3,0.03,Stainless Steel Type 17-7 PH,17-7 PH,19.04,19.04,84.69,8.637,8636.54,Plain (End Turn is Wavy),Factory Option,4,4,Reference,Reference,4,4,Passivate per ASTM A967,REDUX™ Wave Series (inch),AMS 5529,0.894,0.894,22.71,2.271,Reference,Reference,Reference,Reference,,0.004643,12,12,53.38,5.443,5443.2,0.186,0.186,4.72,0.472
LW 112 12 0500S,LW 112 12 0500S,LW112120500S,Compression Spring,41,Stock,,No,Yes,Yes,Yes,Yes,Yes,Yes,Yes,Yes,NR,1.082,1.082,27.48,2.748,Reference,Reference,Reference,Reference,1.125,1.125,28.58,2.858,0.85,0.85,21.59,2.159,MIN,MIN,MIN,MIN,0.5,0.5,12.7,1.27,0.06,0.06,1.52,0.152,48,48,8.406,84.06,0.8572,8.572,857.18,8571.8,12,12,2.1016,21.016,0.2143,2.143,214.296,2142.96,0.072,0.072,1.83,0.183,0.012,0.012,0.3,0.03,Stainless Steel Type 17-7 PH,17-7 PH,20.544,20.544,91.38,9.319,9318.76,Plain (End Turn is Wavy),Factory Option,5,5,Reference,Reference,5,5,Passivate per ASTM A967,REDUX™ Wave Series (inch),AMS 5529,0.894,0.894,22.71,2.271,Reference,Reference,Reference,Reference,,0.006514,12,12,53.38,5.443,5443.2,0.25,0.25,6.35,0.635
LW 112 12 0600S,LW 112 12 0600S,LW112120600S,Compression Spring,41,Stock,,No,Yes,Yes,Yes,Yes,Yes,Yes,Yes,Yes,NR,1.082,1.082,27.48,2.748,Reference,Reference,Reference,Reference,1.125,1.125,28.58,2.858,0.85,0.85,21.59,2.159,MIN,MIN,MIN,MIN,0.6,0.6,15.24,1.524,0.09,0.09,2.29,0.229,39,39,6.83,68.3,0.6965,6.965,696.46,6964.6,9.75,9.75,1.7075,17.075,0.17412,1.7412,174.116,1741.16,0.084,0.084,2.13,0.213,0.012,0.012,0.3,0.03,Stainless Steel Type 17-7 PH,17-7 PH,20.124,20.124,89.52,9.128,9128.25,Plain (End Turn is Wavy),Factory Option,6,6,Reference,Reference,6,6,Passivate per ASTM A967,REDUX™ Wave Series (inch),AMS 5529,0.894,0.894,22.71,2.271,Reference,Reference,Reference,Reference,,0.006965,12,12,53.38,5.443,5443.2,0.295,0.295,7.49,0.749
LW 112 12 0700S,LW 112 12 0700S,LW112120700S,Compression Spring,41,Stock,,No,Yes,Yes,Yes,Yes,Yes,Yes,Yes,Yes,NR,1.082,1.082,27.48,2.748,Reference,Reference,Reference,Reference,1.125,1.125,28.58,2.858,0.85,0.85,21.59,2.159,MIN,MIN,MIN,MIN,0.7,0.7,17.78,1.778,0.09,0.09,2.29,0.229,34,34,5.955,59.55,0.6072,6.072,607.17,6071.7,8.5,8.5,1.4886,14.886,0.15179,1.5179,151.793,1517.93,0.096,0.096,2.44,0.244,0.012,0.012,0.3,0.03,Stainless Steel Type 17-7 PH,17-7 PH,20.536,20.536,91.35,9.315,9315.13,Plain (End Turn is Wavy),Factory Option,7,7,Reference,Reference,7,7,Passivate per ASTM A967,REDUX™ Wave Series (inch),AMS 5529,0.894,0.894,22.71,2.271,Reference,Reference,Reference,Reference,,0.01095,12,12,53.38,5.443,5443.2,0.344,0.344,8.74,0.874
LW 112 12 0800S,LW 112 12 0800S,LW112120800S,Compression Spring,41,Stock,,No,Yes,Yes,Yes,Yes,Yes,Yes,Yes,Yes,NR,1.082,1.082,27.48,2.748,Reference,Reference,Reference,Reference,1.125,1.125,28.58,2.858,0.85,0.85,21.59,2.159,MIN,MIN,MIN,MIN,0.8,0.8,20.32,2.032,0.12,0.12,3.05,0.305,29,29,5.079,50.79,0.5179,5.179,517.88,5178.8,7.25,7.25,1.2697,12.697,0.12947,1.2947,129.471,1294.71,0.108,0.108,2.74,0.274,0.012,0.012,0.3,0.03,Stainless Steel Type 17-7 PH,17-7 PH,20.068,20.068,89.27,9.103,9102.84,Plain (End Turn is Wavy),Factory Option,8,8,Reference,Reference,8,8,Passivate per ASTM A967,REDUX™ Wave Series (inch),AMS 5529,0.894,0.894,22.71,2.271,Reference,Reference,Reference,Reference,,0.009286,12,12,53.38,5.443,5443.2,0.392,0.392,9.96,0.996
LW 112 12 1000S,LW 112 12 1000S,LW112121000S,Compression Spring,41,Stock,,No,Yes,Yes,Yes,Yes,Yes,Yes,Yes,Yes,NR,1.082,1.082,27.48,2.748,Reference,Reference,Reference,Reference,1.125,1.125,28.58,2.858,0.85,0.85,21.59,2.159,MIN,MIN,MIN,MIN,1,1,25.4,2.54,0.12,0.12,3.05,0.305,23,23,4.028,40.28,0.4107,4.107,410.73,4107.3,5.75,5.75,1.007,10.07,0.10268,1.0268,102.684,1026.84,0.132,0.132,3.35,0.335,0.012,0.012,0.3,0.03,Stainless Steel Type 17-7 PH,17-7 PH,19.964,19.964,88.8,9.056,9055.67,Plain (End Turn is Wavy),Factory Option,10,10,Reference,Reference,10,10,Passivate per ASTM A967,REDUX™ Wave Series (inch),AMS 5529,0.894,0.894,22.71,2.271,Reference,Reference,Reference,Reference,,0.013029,12,12,53.38,5.443,5443.2,0.488,0.488,12.4,1.24
LW 112 12 1300S,LW 112 12 1300S,LW112121300S,Compression Spring,41,Stock,,No,Yes,Yes,Yes,Yes,Yes,Yes,Yes,Yes,NR,1.082,1.082,27.48,2.748,Reference,Reference,Reference,Reference,1.125,1.125,28.58,2.858,0.85,0.85,21.59,2.159,MIN,MIN,MIN,MIN,1.3,1.3,33.02,3.302,0.18,0.18,4.57,0.457,19,19,3.328,33.28,0.3393,3.393,339.3,3393,4.75,4.75,0.8319,8.319,0.08483,0.8483,84.826,848.26,0.168,0.168,4.27,0.427,0.012,0.012,0.3,0.03,Stainless Steel Type 17-7 PH,17-7 PH,21.508,21.508,95.67,9.756,9756.03,Plain (End Turn is Wavy),Factory Option,13,13,Reference,Reference,13,13,Passivate per ASTM A967,REDUX™ Wave Series (inch),AMS 5529,0.894,0.894,22.71,2.271,Reference,Reference,Reference,Reference,,0.01509,12,12,53.38,5.443,5443.2,0.659,0.659,16.74,1.674
LW 112 12 1600S,LW 112 12 1600S,LW112121600S,Compression Spring,41,Stock,,No,Yes,Yes,Yes,Yes,Yes,Yes,Yes,Yes,NR,1.082,1.082,27.48,2.748,Reference,Reference,Reference,Reference,1.125,1.125,28.58,2.858,0.85,0.85,21.59,2.159,MIN,MIN,MIN,MIN,1.6,1.6,40.64,4.064,0.21,0.21,5.33,0.533,15,15,2.627,26.27,0.2679,2.679,267.87,2678.7,3.75,3.75,0.6567,6.567,0.06697,0.6697,66.968,669.68,0.204,0.204,5.18,0.518,0.012,0.012,0.3,0.03,Stainless Steel Type 17-7 PH,17-7 PH,20.94,20.94,93.15,9.498,9498.38,Plain (End Turn is Wavy),Factory Option,16,16,Reference,Reference,16,16,Passivate per ASTM A967,REDUX™ Wave Series (inch),AMS 5529,0.894,0.894,22.71,2.271,Reference,Reference,Reference,Reference,,0.020846,12,12,53.38,5.443,5443.2,0.807,0.807,20.5,2.05
LW 112 12 2000S,LW 112 12 2000S,LW112122000S,Compression Spring,41,Stock,,No,Yes,Yes,Yes,Yes,Yes,Yes,Yes,Yes,NR,1.082,1.082,27.48,2.748,Reference,Reference,Reference,Reference,1.125,1.125,28.58,2.858,0.85,0.85,21.59,2.159,MIN,MIN,MIN,MIN,2,2,50.8,5.08,0.25,0.25,6.35,0.635,12,12,2.102,21.02,0.2143,2.143,214.3,2143,3,3,0.5254,5.254,0.05357,0.5357,53.574,535.74,0.252,0.252,6.4,0.64,0.012,0.012,0.3,0.03,Stainless Steel Type 17-7 PH,17-7 PH,20.976,20.976,93.31,9.515,9514.71,Plain (End Turn is Wavy),Factory Option,20,20,Reference,Reference,20,20,Passivate per ASTM A967,REDUX™ Wave Series (inch),AMS 5529,0.894,0.894,22.71,2.271,Reference,Reference,Reference,Reference,,0.026057,12,12,53.38,5.443,5443.2,1.017,1.017,25.83,2.583
LW 112 20 0300S,LW 112 20 0300S,LW112200300S,Compression Spring,41,Stock,,No,Yes,Yes,Yes,Yes,Yes,Yes,Yes,Yes,NR,1.082,1.082,27.48,2.748,Reference,Reference,Reference,Reference,1.125,1.125,28.58,2.858,0.85,0.85,21.59,2.159,MIN,MIN,MIN,MIN,0.3,0.3,7.62,0.762,0.06,0.06,1.52,0.152,143,143,25.044,250.44,2.5537,25.537,2553.69,25536.9,35.75,35.75,6.261,62.61,0.63842,6.3842,638.424,6384.24,0.06,0.06,1.52,0.152,0.015,0.015,0.38,0.038,Stainless Steel Type 17-7 PH,17-7 PH,34.32,34.32,152.66,15.568,15567.55,Plain (End Turn is Wavy),Factory Option,3,3,Reference,Reference,3,3,Passivate per ASTM A967,REDUX™ Wave Series (inch),AMS 5529,0.894,0.894,22.71,2.271,Reference,Reference,Reference,Reference,,0.004353,20,20,88.96,9.072,9072,0.16,0.16,4.06,0.406
LW 112 20 0400S,LW 112 20 0400S,LW112200400S,Compression Spring,41,Stock,,No,Yes,Yes,Yes,Yes,Yes,Yes,Yes,Yes,NR,1.082,1.082,27.48,2.748,Reference,Reference,Reference,Reference,1.125,1.125,28.58,2.858,0.85,0.85,21.59,2.159,MIN,MIN,MIN,MIN,0.4,0.4,10.16,1.016,0.06,0.06,1.52,0.152,101,101,17.688,176.88,1.8037,18.037,1803.66,18036.6,25.25,25.25,4.4221,44.221,0.45091,4.5091,450.915,4509.15,0.075,0.075,1.91,0.191,0.015,0.015,0.38,0.038,Stainless Steel Type 17-7 PH,17-7 PH,32.825,32.825,146.01,14.889,14889.42,Plain (End Turn is Wavy),Factory Option,4,4,Reference,Reference,4,4,Passivate per ASTM A967,REDUX™ Wave Series (inch),AMS 5529,0.894,0.894,22.71,2.271,Reference,Reference,Reference,Reference,,0.006514,20,20,88.96,9.072,9072,0.202,0.202,5.13,0.513
LW 112 20 0500S,LW 112 20 0500S,LW112200500S,Compression Spring,41,Stock,,No,Yes,Yes,Yes,Yes,Yes,Yes,Yes,Yes,NR,1.082,1.082,27.48,2.748,Reference,Reference,Reference,Reference,1.125,1.125,28.58,2.858,0.85,0.85,21.59,2.159,MIN,MIN,MIN,MIN,0.5,0.5,12.7,1.27,0.06,0.06,1.52,0.152,87,87,15.237,152.37,1.5536,15.536,1553.65,15536.5,21.75,21.75,3.8091,38.091,0.38841,3.8841,388.412,3884.12,0.09,0.09,2.29,0.229,0.015,0.015,0.38,0.038,Stainless Steel Type 17-7 PH,17-7 PH,35.67,35.67,158.67,16.18,16179.91,Plain (End Turn is Wavy),Factory Option,5,5,Reference,Reference,5,5,Passivate per ASTM A967,REDUX™ Wave Series (inch),AMS 5529,0.894,0.894,22.71,2.271,Reference,Reference,Reference,Reference,,0.009776,20,20,88.96,9.072,9072,0.27,0.27,6.86,0.686
LW 112 20 0600S,LW 112 20 0600S,LW112200600S,Compression Spring,41,Stock,,No,Yes,Yes,Yes,Yes,Yes,Yes,Yes,Yes,NR,1.082,1.082,27.48,2.748,Reference,Reference,Reference,Reference,1.125,1.125,28.58,2.858,0.85,0.85,21.59,2.159,MIN,MIN,MIN,MIN,0.6,0.6,15.24,1.524,0.09,0.09,2.29,0.229,71,71,12.434,124.34,1.2679,12.679,1267.92,12679.2,17.75,17.75,3.1086,31.086,0.31698,3.1698,316.98,3169.8,0.105,0.105,2.67,0.267,0.015,0.015,0.38,0.038,Stainless Steel Type 17-7 PH,17-7 PH,35.145,35.145,156.33,15.942,15941.77,Plain (End Turn is Wavy),Factory Option,6,6,Reference,Reference,6,6,Passivate per ASTM A967,REDUX™ Wave Series (inch),AMS 5529,0.894,0.894,22.71,2.271,Reference,Reference,Reference,Reference,,0.008706,20,20,88.96,9.072,9072,0.318,0.318,8.08,0.808
LW 112 20 0700S,LW 112 20 0700S,LW112200700S,Compression Spring,41,Stock,,No,Yes,Yes,Yes,Yes,Yes,Yes,Yes,Yes,NR,1.082,1.082,27.48,2.748,Reference,Reference,Reference,Reference,1.125,1.125,28.58,2.858,0.85,0.85,21.59,2.159,MIN,MIN,MIN,MIN,0.7,0.7,17.78,1.778,0.09,0.09,2.29,0.229,63,63,11.033,110.33,1.1251,11.251,1125.05,11250.5,15.75,15.75,2.7583,27.583,0.28126,2.8126,281.264,2812.64,0.12,0.12,3.05,0.305,0.015,0.015,0.38,0.038,Stainless Steel Type 17-7 PH,17-7 PH,36.54,36.54,162.54,16.575,16574.54,Plain (End Turn is Wavy),Factory Option,7,7,Reference,Reference,7,7,Passivate per ASTM A967,REDUX™ Wave Series (inch),AMS 5529,0.894,0.894,22.71,2.271,Reference,Reference,Reference,Reference,,0.0114,20,20,88.96,9.072,9072,0.381,0.381,9.68,0.968
LW 112 20 0800S,LW 112 20 0800S,LW112200800S,Compression Spring,41,Stock,,No,Yes,Yes,Yes,Yes,Yes,Yes,Yes,Yes,NR,1.082,1.082,27.48,2.748,Reference,Reference,Reference,Reference,1.125,1.125,28.58,2.858,0.85,0.85,21.59,2.159,MIN,MIN,MIN,MIN,0.8,0.8,20.32,2.032,0.12,0.12,3.05,0.305,54,54,9.457,94.57,0.9643,9.643,964.33,9643.3,13.5,13.5,2.3643,23.643,0.24108,2.4108,241.083,2410.83,0.135,0.135,3.43,0.343,0.015,0.015,0.38,0.038,Stainless Steel Type 17-7 PH,17-7 PH,35.91,35.91,159.74,16.289,16288.78,Plain (End Turn is Wavy),Factory Option,8,8,Reference,Reference,8,8,Passivate per ASTM A967,REDUX™ Wave Series (inch),AMS 5529,0.894,0.894,22.71,2.271,Reference,Reference,Reference,Reference,,0.015642,20,20,88.96,9.072,9072,0.427,0.427,10.85,1.085
LW 112 20 1000S,LW 112 20 1000S,LW112201000S,Compression Spring,41,Stock,,No,Yes,Yes,Yes,Yes,Yes,Yes,Yes,Yes,NR,1.082,1.082,27.48,2.748,Reference,Reference,Reference,Reference,1.125,1.125,28.58,2.858,0.85,0.85,21.59,2.159,MIN,MIN,MIN,MIN,1,1,25.4,2.54,0.12,0.12,3.05,0.305,43,43,7.531,75.31,0.7679,7.679,767.89,7678.9,10.75,10.75,1.8827,18.827,0.19197,1.9197,191.974,1919.74,0.165,0.165,4.19,0.419,0.015,0.015,0.38,0.038,Stainless Steel Type 17-7 PH,17-7 PH,35.905,35.905,159.71,16.287,16286.51,Plain (End Turn is Wavy),Factory Option,10,10,Reference,Reference,10,10,Passivate per ASTM A967,REDUX™ Wave Series (inch),AMS 5529,0.894,0.894,22.71,2.271,Reference,Reference,Reference,Reference,,0.016286,20,20,88.96,9.072,9072,0.536,0.536,13.61,1.361
LW 112 20 1300S,LW 112 20 1300S,LW112201300S,Compression Spring,41,Stock,,No,Yes,Yes,Yes,Yes,Yes,Yes,Yes,Yes,NR,1.082,1.082,27.48,2.748,Reference,Reference,Reference,Reference,1.125,1.125,28.58,2.858,0.85,0.85,21.59,2.159,MIN,MIN,MIN,MIN,1.3,1.3,33.02,3.302,0.18,0.18,4.57,0.457,34,34,5.955,59.55,0.6072,6.072,607.17,6071.7,8.5,8.5,1.4886,14.886,0.15179,1.5179,151.793,1517.93,0.21,0.21,5.33,0.533,0.015,0.015,0.38,0.038,Stainless Steel Type 17-7 PH,17-7 PH,37.06,37.06,164.85,16.81,16810.42,Plain (End Turn is Wavy),Factory Option,13,13,Reference,Reference,13,13,Passivate per ASTM A967,REDUX™ Wave Series (inch),AMS 5529,0.894,0.894,22.71,2.271,Reference,Reference,Reference,Reference,,0.021172,20,20,88.96,9.072,9072,0.708,0.708,17.98,1.798
LW 112 20 1600S,LW 112 20 1600S,LW112201600S,Compression Spring,41,Stock,,No,Yes,Yes,Yes,Yes,Yes,Yes,Yes,Yes,NR,1.082,1.082,27.48,2.748,Reference,Reference,Reference,Reference,1.125,1.125,28.58,2.858,0.85,0.85,21.59,2.159,MIN,MIN,MIN,MIN,1.6,1.6,40.64,4.064,0.21,0.21,5.33,0.533,27,27,4.729,47.29,0.4822,4.822,482.17,4821.7,6.75,6.75,1.1821,11.821,0.12054,1.2054,120.542,1205.42,0.255,0.255,6.48,0.648,0.015,0.015,0.38,0.038,Stainless Steel Type 17-7 PH,17-7 PH,36.315,36.315,161.54,16.472,16472.48,Plain (End Turn is Wavy),Factory Option,16,16,Reference,Reference,16,16,Passivate per ASTM A967,REDUX™ Wave Series (inch),AMS 5529,0.894,0.894,22.71,2.271,Reference,Reference,Reference,Reference,,0.023215,20,20,88.96,9.072,9072,0.861,0.861,21.87,2.187
LW 112 20 2000S,LW 112 20 2000S,LW112202000S,Compression Spring,41,Stock,,No,Yes,Yes,Yes,Yes,Yes,Yes,Yes,Yes,NR,1.082,1.082,27.48,2.748,Reference,Reference,Reference,Reference,1.125,1.125,28.58,2.858,0.85,0.85,21.59,2.159,MIN,MIN,MIN,MIN,2,2,50.8,5.08,0.25,0.25,6.35,0.635,22,22,3.853,38.53,0.3929,3.929,392.88,3928.8,5.5,5.5,0.9632,9.632,0.09822,0.9822,98.219,982.19,0.315,0.315,8,0.8,0.015,0.015,0.38,0.038,Stainless Steel Type 17-7 PH,17-7 PH,37.07,37.07,164.9,16.815,16814.95,Plain (End Turn is Wavy),Factory Option,20,20,Reference,Reference,20,20,Passivate per ASTM A967,REDUX™ Wave Series (inch),AMS 5529,0.894,0.894,22.71,2.271,Reference,Reference,Reference,Reference,,0.032572,20,20,88.96,9.072,9072,1.088,1.088,27.64,2.764
LW 112 30 0300S,LW 112 30 0300S,LW112300300S,Compression Spring,41,Stock,,No,Yes,Yes,Yes,Yes,Yes,Yes,Yes,Yes,NR,1.082,1.082,27.48,2.748,Reference,Reference,Reference,Reference,1.125,1.125,28.58,2.858,0.85,0.85,21.59,2.159,MIN,MIN,MIN,MIN,0.3,0.3,7.62,0.762,0.06,0.06,1.52,0.152,246,246,43.083,430.83,4.3931,43.931,4393.07,43930.7,61.5,61.5,10.7707,107.707,1.09827,10.9827,1098.267,10982.67,0.072,0.072,1.83,0.183,0.018,0.018,0.46,0.046,Stainless Steel Type 17-7 PH,17-7 PH,56.088,56.088,249.49,25.442,25441.52,Plain (End Turn is Wavy),Factory Option,3,3,Reference,Reference,3,3,Passivate per ASTM A967,REDUX™ Wave Series (inch),AMS 5529,0.894,0.894,22.71,2.271,Reference,Reference,Reference,Reference,,0.005223,30,30,133.45,13.608,13608,0.178,0.178,4.52,0.452
LW 112 30 0400S,LW 112 30 0400S,LW112300400S,Compression Spring,41,Stock,,No,Yes,Yes,Yes,Yes,Yes,Yes,Yes,Yes,NR,1.082,1.082,27.48,2.748,Reference,Reference,Reference,Reference,1.125,1.125,28.58,2.858,0.85,0.85,21.59,2.159,MIN,MIN,MIN,MIN,0.4,0.4,10.16,1.016,0.06,0.06,1.52,0.152,175,175,30.648,306.48,3.1252,31.252,3125.15,31251.5,43.75,43.75,7.6621,76.621,0.78129,7.8129,781.288,7812.88,0.09,0.09,2.29,0.229,0.018,0.018,0.46,0.046,Stainless Steel Type 17-7 PH,17-7 PH,54.25,54.25,241.32,24.608,24607.8,Plain (End Turn is Wavy),Factory Option,4,4,Reference,Reference,4,4,Passivate per ASTM A967,REDUX™ Wave Series (inch),AMS 5529,0.894,0.894,22.71,2.271,Reference,Reference,Reference,Reference,,0.007817,30,30,133.45,13.608,13608,0.229,0.229,5.82,0.582
LW 112 30 0500S,LW 112 30 0500S,LW112300500S,Compression Spring,41,Stock,,No,Yes,Yes,Yes,Yes,Yes,Yes,Yes,Yes,NR,1.082,1.082,27.48,2.748,Reference,Reference,Reference,Reference,1.125,1.125,28.58,2.858,0.85,0.85,21.59,2.159,MIN,MIN,MIN,MIN,0.5,0.5,12.7,1.27,0.06,0.06,1.52,0.152,152,152,26.62,266.2,2.7144,27.144,2714.42,27144.2,38,38,6.6551,66.551,0.6786,6.786,678.604,6786.04,0.108,0.108,2.74,0.274,0.018,0.018,0.46,0.046,Stainless Steel Type 17-7 PH,17-7 PH,59.584,59.584,265.04,27.027,27027.3,Plain (End Turn is Wavy),Factory Option,5,5,Reference,Reference,5,5,Passivate per ASTM A967,REDUX™ Wave Series (inch),AMS 5529,0.894,0.894,22.71,2.271,Reference,Reference,Reference,Reference,,0.008705,30,30,133.45,13.608,13608,0.303,0.303,7.7,0.77
LW 112 30 0600S,LW 112 30 0600S,LW112300600S,Compression Spring,41,Stock,,No,Yes,Yes,Yes,Yes,Yes,Yes,Yes,Yes,NR,1.082,1.082,27.48,2.748,Reference,Reference,Reference,Reference,1.125,1.125,28.58,2.858,0.85,0.85,21.59,2.159,MIN,MIN,MIN,MIN,0.6,0.6,15.24,1.524,0.09,0.09,2.29,0.229,120,120,21.016,210.16,2.143,21.43,2142.96,21429.6,30,30,5.254,52.54,0.53574,5.3574,535.74,5357.4,0.126,0.126,3.2,0.32,0.018,0.018,0.46,0.046,Stainless Steel Type 17-7 PH,17-7 PH,56.88,56.88,253.01,25.801,25800.77,Plain (End Turn is Wavy),Factory Option,6,6,Reference,Reference,6,6,Passivate per ASTM A967,REDUX™ Wave Series (inch),AMS 5529,0.894,0.894,22.71,2.271,Reference,Reference,Reference,Reference,,0.011726,30,30,133.45,13.608,13608,0.35,0.35,8.89,0.889
LW 112 30 0700S,LW 112 30 0700S,LW112300700S,Compression Spring,41,Stock,,No,Yes,Yes,Yes,Yes,Yes,Yes,Yes,Yes,NR,1.082,1.082,27.48,2.748,Reference,Reference,Reference,Reference,1.125,1.125,28.58,2.858,0.85,0.85,21.59,2.159,MIN,MIN,MIN,MIN,0.7,0.7,17.78,1.778,0.09,0.09,2.29,0.229,108,108,18.914,189.14,1.9287,19.287,1928.66,19286.6,27,27,4.7286,47.286,0.48217,4.8217,482.166,4821.66,0.144,0.144,3.66,0.366,0.018,0.018,0.46,0.046,Stainless Steel Type 17-7 PH,17-7 PH,60.048,60.048,267.11,27.238,27237.77,Plain (End Turn is Wavy),Factory Option,7,7,Reference,Reference,7,7,Passivate per ASTM A967,REDUX™ Wave Series (inch),AMS 5529,0.894,0.894,22.71,2.271,Reference,Reference,Reference,Reference,,0.012187,30,30,133.45,13.608,13608,0.421,0.421,10.69,1.069
LW 112 30 0800S,LW 112 30 0800S,LW112300800S,Compression Spring,41,Stock,,No,Yes,Yes,Yes,Yes,Yes,Yes,Yes,Yes,NR,1.082,1.082,27.48,2.748,Reference,Reference,Reference,Reference,1.125,1.125,28.58,2.858,0.85,0.85,21.59,2.159,MIN,MIN,MIN,MIN,0.8,0.8,20.32,2.032,0.12,0.12,3.05,0.305,91,91,15.937,159.37,1.6251,16.251,1625.08,16250.8,22.75,22.75,3.9843,39.843,0.40627,4.0627,406.27,4062.7,0.162,0.162,4.12,0.412,0.018,0.018,0.46,0.046,Stainless Steel Type 17-7 PH,17-7 PH,58.058,58.058,258.25,26.335,26335.11,Plain (End Turn is Wavy),Factory Option,8,8,Reference,Reference,8,8,Passivate per ASTM A967,REDUX™ Wave Series (inch),AMS 5529,0.894,0.894,22.71,2.271,Reference,Reference,Reference,Reference,,0.015634,30,30,133.45,13.608,13608,0.47,0.47,11.94,1.194
LW 112 30 1000S,LW 112 30 1000S,LW112301000S,Compression Spring,41,Stock,,No,Yes,Yes,Yes,Yes,Yes,Yes,Yes,Yes,NR,1.082,1.082,27.48,2.748,Reference,Reference,Reference,Reference,1.125,1.125,28.58,2.858,0.85,0.85,21.59,2.159,MIN,MIN,MIN,MIN,1,1,25.4,2.54,0.12,0.12,3.05,0.305,74,74,12.96,129.6,1.3215,13.215,1321.49,13214.9,18.5,18.5,3.24,32.4,0.33037,3.3037,330.373,3303.73,0.198,0.198,5.03,0.503,0.018,0.018,0.46,0.046,Stainless Steel Type 17-7 PH,17-7 PH,59.348,59.348,263.99,26.92,26920.25,Plain (End Turn is Wavy),Factory Option,10,10,Reference,Reference,10,10,Passivate per ASTM A967,REDUX™ Wave Series (inch),AMS 5529,0.894,0.894,22.71,2.271,Reference,Reference,Reference,Reference,,0.017411,30,30,133.45,13.608,13608,0.593,0.593,15.06,1.506
LW 112 30 1300S,LW 112 30 1300S,LW112301300S,Compression Spring,41,Stock,,No,Yes,Yes,Yes,Yes,Yes,Yes,Yes,Yes,NR,1.082,1.082,27.48,2.748,Reference,Reference,Reference,Reference,1.125,1.125,28.58,2.858,0.85,0.85,21.59,2.159,MIN,MIN,MIN,MIN,1.3,1.3,33.02,3.302,0.18,0.18,4.57,0.457,58,58,10.158,101.58,1.0358,10.358,1035.76,10357.6,14.5,14.5,2.5394,25.394,0.25894,2.5894,258.941,2589.41,0.252,0.252,6.4,0.64,0.018,0.018,0.46,0.046,Stainless Steel Type 17-7 PH,17-7 PH,60.784,60.784,270.38,27.572,27571.62,Plain (End Turn is Wavy),Factory Option,13,13,Reference,Reference,13,13,Passivate per ASTM A967,REDUX™ Wave Series (inch),AMS 5529,0.894,0.894,22.71,2.271,Reference,Reference,Reference,Reference,,0.025406,30,30,133.45,13.608,13608,0.787,0.787,19.99,1.999
LW 112 30 1600S,LW 112 30 1600S,LW112301600S,Compression Spring,41,Stock,,No,Yes,Yes,Yes,Yes,Yes,Yes,Yes,Yes,NR,1.082,1.082,27.48,2.748,Reference,Reference,Reference,Reference,1.125,1.125,28.58,2.858,0.85,0.85,21.59,2.159,MIN,MIN,MIN,MIN,1.6,1.6,40.64,4.064,0.21,0.21,5.33,0.533,47,47,8.231,82.31,0.8393,8.393,839.33,8393.3,11.75,11.75,2.0578,20.578,0.20983,2.0983,209.832,2098.32,0.306,0.306,7.77,0.777,0.018,0.018,0.46,0.046,Stainless Steel Type 17-7 PH,17-7 PH,60.818,60.818,270.53,27.587,27587.04,Plain (End Turn is Wavy),Factory Option,16,16,Reference,Reference,16,16,Passivate per ASTM A967,REDUX™ Wave Series (inch),AMS 5529,0.894,0.894,22.71,2.271,Reference,Reference,Reference,Reference,,0.027857,30,30,133.45,13.608,13608,0.956,0.956,24.28,2.428
LW 112 30 2000S,LW 112 30 2000S,LW112302000S,Compression Spring,41,Stock,,No,Yes,Yes,Yes,Yes,Yes,Yes,Yes,Yes,NR,1.082,1.082,27.48,2.748,Reference,Reference,Reference,Reference,1.125,1.125,28.58,2.858,0.85,0.85,21.59,2.159,MIN,MIN,MIN,MIN,2,2,50.8,5.08,0.25,0.25,6.35,0.635,38,38,6.655,66.55,0.6786,6.786,678.6,6786,9.5,9.5,1.6638,16.638,0.16965,1.6965,169.651,1696.51,0.378,0.378,9.6,0.96,0.018,0.018,0.46,0.046,Stainless Steel Type 17-7 PH,17-7 PH,61.636,61.636,274.17,27.958,27958.09,Plain (End Turn is Wavy),Factory Option,20,20,Reference,Reference,20,20,Passivate per ASTM A967,REDUX™ Wave Series (inch),AMS 5529,0.894,0.894,22.71,2.271,Reference,Reference,Reference,Reference,,0.039086,30,30,133.45,13.608,13608,1.202,1.202,30.53,3.053
LW 125 12 0300S,LW 125 12 0300S,LW125120300S,Compression Spring,41,Stock,,No,Yes,Yes,Yes,Yes,Yes,Yes,Yes,Yes,NR,1.219,1.219,30.96,3.096,Reference,Reference,Reference,Reference,1.25,1.25,31.75,3.175,1,1,25.4,2.54,MIN,MIN,MIN,MIN,0.3,0.3,7.62,0.762,0.06,0.06,1.52,0.152,56,56,9.807,98.07,1,10,1000.05,10000.5,14,14,2.4519,24.519,0.25001,2.5001,250.012,2500.12,0.048,0.048,1.22,0.122,0.012,0.012,0.3,0.03,Stainless Steel Type 17-7 PH,17-7 PH,14.112,14.112,62.77,6.401,6401.2,Plain (End Turn is Wavy),Factory Option,3,3,Reference,Reference,3,3,Passivate per ASTM A967,REDUX™ Wave Series (inch),AMS 5529,1.031,1.031,26.19,2.619,Reference,Reference,Reference,Reference,,0.005346,12,12,53.38,5.443,5443.2,0.084,0.084,2.13,0.213
LW 125 12 0400S,LW 125 12 0400S,LW125120400S,Compression Spring,41,Stock,,No,Yes,Yes,Yes,Yes,Yes,Yes,Yes,Yes,NR,1.219,1.219,30.96,3.096,Reference,Reference,Reference,Reference,1.25,1.25,31.75,3.175,1,1,25.4,2.54,MIN,MIN,MIN,MIN,0.4,0.4,10.16,1.016,0.06,0.06,1.52,0.152,42,42,7.356,73.56,0.75,7.5,750.04,7500.4,10.5,10.5,1.8389,18.389,0.18751,1.8751,187.509,1875.09,0.06,0.06,1.52,0.152,0.012,0.012,0.3,0.03,Stainless Steel Type 17-7 PH,17-7 PH,14.28,14.28,63.52,6.477,6477.41,Plain (End Turn is Wavy),Factory Option,4,4,Reference,Reference,4,4,Passivate per ASTM A967,REDUX™ Wave Series (inch),AMS 5529,1.031,1.031,26.19,2.619,Reference,Reference,Reference,Reference,,0.005234,12,12,53.38,5.443,5443.2,0.113,0.113,2.87,0.287
LW 125 12 0500S,LW 125 12 0500S,LW125120500S,Compression Spring,41,Stock,,No,Yes,Yes,Yes,Yes,Yes,Yes,Yes,Yes,NR,1.219,1.219,30.96,3.096,Reference,Reference,Reference,Reference,1.25,1.25,31.75,3.175,1,1,25.4,2.54,MIN,MIN,MIN,MIN,0.5,0.5,12.7,1.27,0.06,0.06,1.52,0.152,34,34,5.955,59.55,0.6072,6.072,607.17,6071.7,8.5,8.5,1.4886,14.886,0.15179,1.5179,151.793,1517.93,0.072,0.072,1.83,0.183,0.012,0.012,0.3,0.03,Stainless Steel Type 17-7 PH,17-7 PH,14.552,14.552,64.73,6.601,6600.79,Plain (End Turn is Wavy),Factory Option,5,5,Reference,Reference,5,5,Passivate per ASTM A967,REDUX™ Wave Series (inch),AMS 5529,1.031,1.031,26.19,2.619,Reference,Reference,Reference,Reference,,0.00891,12,12,53.38,5.443,5443.2,0.149,0.149,3.78,0.378
LW 125 12 0600S,LW 125 12 0600S,LW125120600S,Compression Spring,41,Stock,,No,Yes,Yes,Yes,Yes,Yes,Yes,Yes,Yes,NR,1.219,1.219,30.96,3.096,Reference,Reference,Reference,Reference,1.25,1.25,31.75,3.175,1,1,25.4,2.54,MIN,MIN,MIN,MIN,0.6,0.6,15.24,1.524,0.09,0.09,2.29,0.229,28,28,4.904,49.04,0.5,5,500.02,5000.2,7,7,1.2259,12.259,0.12501,1.2501,125.006,1250.06,0.084,0.084,2.13,0.213,0.012,0.012,0.3,0.03,Stainless Steel Type 17-7 PH,17-7 PH,14.448,14.448,64.27,6.554,6553.61,Plain (End Turn is Wavy),Factory Option,6,6,Reference,Reference,6,6,Passivate per ASTM A967,REDUX™ Wave Series (inch),AMS 5529,1.031,1.031,26.19,2.619,Reference,Reference,Reference,Reference,,0.007851,12,12,53.38,5.443,5443.2,0.172,0.172,4.37,0.437
LW 125 12 0700S,LW 125 12 0700S,LW125120700S,Compression Spring,41,Stock,,No,Yes,Yes,Yes,Yes,Yes,Yes,Yes,Yes,NR,1.219,1.219,30.96,3.096,Reference,Reference,Reference,Reference,1.25,1.25,31.75,3.175,1,1,25.4,2.54,MIN,MIN,MIN,MIN,0.7,0.7,17.78,1.778,0.09,0.09,2.29,0.229,24,24,4.203,42.03,0.4286,4.286,428.59,4285.9,6,6,1.0508,10.508,0.10715,1.0715,107.148,1071.48,0.096,0.096,2.44,0.244,0.012,0.012,0.3,0.03,Stainless Steel Type 17-7 PH,17-7 PH,14.496,14.496,64.48,6.575,6575.39,Plain (End Turn is Wavy),Factory Option,7,7,Reference,Reference,7,7,Passivate per ASTM A967,REDUX™ Wave Series (inch),AMS 5529,1.031,1.031,26.19,2.619,Reference,Reference,Reference,Reference,,0.01039,12,12,53.38,5.443,5443.2,0.207,0.207,5.26,0.526
LW 125 12 0800S,LW 125 12 0800S,LW125120800S,Compression Spring,41,Stock,,No,Yes,Yes,Yes,Yes,Yes,Yes,Yes,Yes,NR,1.219,1.219,30.96,3.096,Reference,Reference,Reference,Reference,1.25,1.25,31.75,3.175,1,1,25.4,2.54,MIN,MIN,MIN,MIN,0.8,0.8,20.32,2.032,0.12,0.12,3.05,0.305,21,21,3.678,36.78,0.375,3.75,375.02,3750.2,5.25,5.25,0.9194,9.194,0.09375,0.9375,93.755,937.55,0.108,0.108,2.74,0.274,0.012,0.012,0.3,0.03,Stainless Steel Type 17-7 PH,17-7 PH,14.532,14.532,64.64,6.592,6591.72,Plain (End Turn is Wavy),Factory Option,8,8,Reference,Reference,8,8,Passivate per ASTM A967,REDUX™ Wave Series (inch),AMS 5529,1.031,1.031,26.19,2.619,Reference,Reference,Reference,Reference,,0.010468,12,12,53.38,5.443,5443.2,0.227,0.227,5.77,0.577
LW 125 12 1000S,LW 125 12 1000S,LW125121000S,Compression Spring,41,Stock,,No,Yes,Yes,Yes,Yes,Yes,Yes,Yes,Yes,NR,1.219,1.219,30.96,3.096,Reference,Reference,Reference,Reference,1.25,1.25,31.75,3.175,1,1,25.4,2.54,MIN,MIN,MIN,MIN,1,1,25.4,2.54,0.12,0.12,3.05,0.305,17,17,2.977,29.77,0.3036,3.036,303.59,3035.9,4.25,4.25,0.7443,7.443,0.0759,0.759,75.897,758.97,0.132,0.132,3.35,0.335,0.012,0.012,0.3,0.03,Stainless Steel Type 17-7 PH,17-7 PH,14.756,14.756,65.64,6.693,6693.32,Plain (End Turn is Wavy),Factory Option,10,10,Reference,Reference,10,10,Passivate per ASTM A967,REDUX™ Wave Series (inch),AMS 5529,1.031,1.031,26.19,2.619,Reference,Reference,Reference,Reference,,0.014843,12,12,53.38,5.443,5443.2,0.301,0.301,7.65,0.765
LW 125 12 1300S,LW 125 12 1300S,LW125121300S,Compression Spring,41,Stock,,No,Yes,Yes,Yes,Yes,Yes,Yes,Yes,Yes,NR,1.219,1.219,30.96,3.096,Reference,Reference,Reference,Reference,1.25,1.25,31.75,3.175,1,1,25.4,2.54,MIN,MIN,MIN,MIN,1.3,1.3,33.02,3.302,0.18,0.18,4.57,0.457,13,13,2.277,22.77,0.2322,2.322,232.15,2321.5,3.25,3.25,0.5692,5.692,0.05804,0.5804,58.039,580.39,0.168,0.168,4.27,0.427,0.012,0.012,0.3,0.03,Stainless Steel Type 17-7 PH,17-7 PH,14.716,14.716,65.46,6.675,6675.18,Plain (End Turn is Wavy),Factory Option,13,13,Reference,Reference,13,13,Passivate per ASTM A967,REDUX™ Wave Series (inch),AMS 5529,1.031,1.031,26.19,2.619,Reference,Reference,Reference,Reference,,0.019296,12,12,53.38,5.443,5443.2,0.395,0.395,10.03,1.003
LW 125 12 1600S,LW 125 12 1600S,LW125121600S,Compression Spring,41,Stock,,No,Yes,Yes,Yes,Yes,Yes,Yes,Yes,Yes,NR,1.219,1.219,30.96,3.096,Reference,Reference,Reference,Reference,1.25,1.25,31.75,3.175,1,1,25.4,2.54,MIN,MIN,MIN,MIN,1.6,1.6,40.64,4.064,0.21,0.21,5.33,0.533,11,11,1.926,19.26,0.1964,1.964,196.44,1964.4,2.75,2.75,0.4816,4.816,0.04911,0.4911,49.11,491.1,0.204,0.204,5.18,0.518,0.012,0.012,0.3,0.03,Stainless Steel Type 17-7 PH,17-7 PH,15.356,15.356,68.31,6.965,6965.48,Plain (End Turn is Wavy),Factory Option,16,16,Reference,Reference,16,16,Passivate per ASTM A967,REDUX™ Wave Series (inch),AMS 5529,1.031,1.031,26.19,2.619,Reference,Reference,Reference,Reference,,0.023749,12,12,53.38,5.443,5443.2,0.467,0.467,11.86,1.186
LW 125 12 2000S,LW 125 12 2000S,LW125122000S,Compression Spring,41,Stock,,No,Yes,Yes,Yes,Yes,Yes,Yes,Yes,Yes,NR,1.219,1.219,30.96,3.096,Reference,Reference,Reference,Reference,1.25,1.25,31.75,3.175,1,1,25.4,2.54,MIN,MIN,MIN,MIN,2,2,50.8,5.08,0.25,0.25,6.35,0.635,9,9,1.576,15.76,0.1607,1.607,160.72,1607.2,2.25,2.25,0.394,3.94,0.04018,0.4018,40.181,401.81,0.252,0.252,6.4,0.64,0.012,0.012,0.3,0.03,Stainless Steel Type 17-7 PH,17-7 PH,15.732,15.732,69.98,7.136,7136.04,Plain (End Turn is Wavy),Factory Option,20,20,Reference,Reference,20,20,Passivate per ASTM A967,REDUX™ Wave Series (inch),AMS 5529,1.031,1.031,26.19,2.619,Reference,Reference,Reference,Reference,,0.029686,12,12,53.38,5.443,5443.2,0.591,0.591,15.01,1.501
LW 125 20 0300S,LW 125 20 0300S,LW125200300S,Compression Spring,41,Stock,,No,Yes,Yes,Yes,Yes,Yes,Yes,Yes,Yes,NR,1.219,1.219,30.96,3.096,Reference,Reference,Reference,Reference,1.25,1.25,31.75,3.175,1,1,25.4,2.54,MIN,MIN,MIN,MIN,0.3,0.3,7.62,0.762,0.06,0.06,1.52,0.152,114,114,19.965,199.65,2.0358,20.358,2035.81,20358.1,28.5,28.5,4.9913,49.913,0.50895,5.0895,508.953,5089.53,0.06,0.06,1.52,0.152,0.015,0.015,0.38,0.038,Stainless Steel Type 17-7 PH,17-7 PH,27.36,27.36,121.7,12.41,12410.5,Plain (End Turn is Wavy),Factory Option,3,3,Reference,Reference,3,3,Passivate per ASTM A967,REDUX™ Wave Series (inch),AMS 5529,1.031,1.031,26.19,2.619,Reference,Reference,Reference,Reference,,0.006683,20,20,88.96,9.072,9072,0.124,0.124,3.15,0.315
LW 125 20 0400S,LW 125 20 0400S,LW125200400S,Compression Spring,41,Stock,,No,Yes,Yes,Yes,Yes,Yes,Yes,Yes,Yes,NR,1.219,1.219,30.96,3.096,Reference,Reference,Reference,Reference,1.25,1.25,31.75,3.175,1,1,25.4,2.54,MIN,MIN,MIN,MIN,0.4,0.4,10.16,1.016,0.06,0.06,1.52,0.152,85,85,14.886,148.86,1.5179,15.179,1517.93,15179.3,21.25,21.25,3.7216,37.216,0.37948,3.7948,379.483,3794.83,0.075,0.075,1.91,0.191,0.015,0.015,0.38,0.038,Stainless Steel Type 17-7 PH,17-7 PH,27.625,27.625,122.88,12.531,12530.7,Plain (End Turn is Wavy),Factory Option,4,4,Reference,Reference,4,4,Passivate per ASTM A967,REDUX™ Wave Series (inch),AMS 5529,1.031,1.031,26.19,2.619,Reference,Reference,Reference,Reference,,0.007421,20,20,88.96,9.072,9072,0.165,0.165,4.19,0.419
LW 125 20 0500S,LW 125 20 0500S,LW125200500S,Compression Spring,41,Stock,,No,Yes,Yes,Yes,Yes,Yes,Yes,Yes,Yes,NR,1.219,1.219,30.96,3.096,Reference,Reference,Reference,Reference,1.25,1.25,31.75,3.175,1,1,25.4,2.54,MIN,MIN,MIN,MIN,0.5,0.5,12.7,1.27,0.06,0.06,1.52,0.152,70,70,12.259,122.59,1.2501,12.501,1250.06,12500.6,17.5,17.5,3.0648,30.648,0.31252,3.1252,312.515,3125.15,0.09,0.09,2.29,0.229,0.015,0.015,0.38,0.038,Stainless Steel Type 17-7 PH,17-7 PH,28.7,28.7,127.66,13.018,13018.32,Plain (End Turn is Wavy),Factory Option,5,5,Reference,Reference,5,5,Passivate per ASTM A967,REDUX™ Wave Series (inch),AMS 5529,1.031,1.031,26.19,2.619,Reference,Reference,Reference,Reference,,0.008178,20,20,88.96,9.072,9072,0.215,0.215,5.46,0.546
LW 125 20 0600S,LW 125 20 0600S,LW125200600S,Compression Spring,41,Stock,,No,Yes,Yes,Yes,Yes,Yes,Yes,Yes,Yes,NR,1.219,1.219,30.96,3.096,Reference,Reference,Reference,Reference,1.25,1.25,31.75,3.175,1,1,25.4,2.54,MIN,MIN,MIN,MIN,0.6,0.6,15.24,1.524,0.09,0.09,2.29,0.229,58,58,10.158,101.58,1.0358,10.358,1035.76,10357.6,14.5,14.5,2.5394,25.394,0.25894,2.5894,258.941,2589.41,0.105,0.105,2.67,0.267,0.015,0.015,0.38,0.038,Stainless Steel Type 17-7 PH,17-7 PH,28.71,28.71,127.71,13.023,13022.86,Plain (End Turn is Wavy),Factory Option,6,6,Reference,Reference,6,6,Passivate per ASTM A967,REDUX™ Wave Series (inch),AMS 5529,1.031,1.031,26.19,2.619,Reference,Reference,Reference,Reference,,0.011132,20,20,88.96,9.072,9072,0.253,0.253,6.43,0.643
LW 125 20 0700S,LW 125 20 0700S,LW125200700S,Compression Spring,41,Stock,,No,Yes,Yes,Yes,Yes,Yes,Yes,Yes,Yes,NR,1.219,1.219,30.96,3.096,Reference,Reference,Reference,Reference,1.25,1.25,31.75,3.175,1,1,25.4,2.54,MIN,MIN,MIN,MIN,0.7,0.7,17.78,1.778,0.09,0.09,2.29,0.229,50,50,8.757,87.57,0.8929,8.929,892.9,8929,12.5,12.5,2.1892,21.892,0.22323,2.2323,223.225,2232.25,0.12,0.12,3.05,0.305,0.015,0.015,0.38,0.038,Stainless Steel Type 17-7 PH,17-7 PH,29,29,129,13.154,13154.4,Plain (End Turn is Wavy),Factory Option,7,7,Reference,Reference,7,7,Passivate per ASTM A967,REDUX™ Wave Series (inch),AMS 5529,1.031,1.031,26.19,2.619,Reference,Reference,Reference,Reference,,0.015593,20,20,88.96,9.072,9072,0.303,0.303,7.7,0.77
LW 125 20 0800S,LW 125 20 0800S,LW125200800S,Compression Spring,41,Stock,,No,Yes,Yes,Yes,Yes,Yes,Yes,Yes,Yes,NR,1.219,1.219,30.96,3.096,Reference,Reference,Reference,Reference,1.25,1.25,31.75,3.175,1,1,25.4,2.54,MIN,MIN,MIN,MIN,0.8,0.8,20.32,2.032,0.12,0.12,3.05,0.305,44,44,7.706,77.06,0.7858,7.858,785.75,7857.5,11,11,1.9265,19.265,0.19644,1.9644,196.438,1964.38,0.135,0.135,3.43,0.343,0.015,0.015,0.38,0.038,Stainless Steel Type 17-7 PH,17-7 PH,29.26,29.26,130.15,13.272,13272.34,Plain (End Turn is Wavy),Factory Option,8,8,Reference,Reference,8,8,Passivate per ASTM A967,REDUX™ Wave Series (inch),AMS 5529,1.031,1.031,26.19,2.619,Reference,Reference,Reference,Reference,,0.014843,20,20,88.96,9.072,9072,0.341,0.341,8.66,0.866
LW 125 20 1000S,LW 125 20 1000S,LW125201000S,Compression Spring,41,Stock,,No,Yes,Yes,Yes,Yes,Yes,Yes,Yes,Yes,NR,1.219,1.219,30.96,3.096,Reference,Reference,Reference,Reference,1.25,1.25,31.75,3.175,1,1,25.4,2.54,MIN,MIN,MIN,MIN,1,1,25.4,2.54,0.12,0.12,3.05,0.305,35,35,6.13,61.3,0.625,6.25,625.03,6250.3,8.75,8.75,1.5324,15.324,0.15626,1.5626,156.258,1562.58,0.165,0.165,4.19,0.419,0.015,0.015,0.38,0.038,Stainless Steel Type 17-7 PH,17-7 PH,29.225,29.225,130,13.256,13256.46,Plain (End Turn is Wavy),Factory Option,10,10,Reference,Reference,10,10,Passivate per ASTM A967,REDUX™ Wave Series (inch),AMS 5529,1.031,1.031,26.19,2.619,Reference,Reference,Reference,Reference,,0.016355,20,20,88.96,9.072,9072,0.427,0.427,10.85,1.085
LW 125 20 1300S,LW 125 20 1300S,LW125201300S,Compression Spring,41,Stock,,No,Yes,Yes,Yes,Yes,Yes,Yes,Yes,Yes,NR,1.219,1.219,30.96,3.096,Reference,Reference,Reference,Reference,1.25,1.25,31.75,3.175,1,1,25.4,2.54,MIN,MIN,MIN,MIN,1.3,1.3,33.02,3.302,0.18,0.18,4.57,0.457,28,28,4.904,49.04,0.5,5,500.02,5000.2,7,7,1.2259,12.259,0.12501,1.2501,125.006,1250.06,0.21,0.21,5.33,0.533,0.015,0.015,0.38,0.038,Stainless Steel Type 17-7 PH,17-7 PH,30.52,30.52,135.76,13.844,13843.87,Plain (End Turn is Wavy),Factory Option,13,13,Reference,Reference,13,13,Passivate per ASTM A967,REDUX™ Wave Series (inch),AMS 5529,1.031,1.031,26.19,2.619,Reference,Reference,Reference,Reference,,0.02412,20,20,88.96,9.072,9072,0.577,0.577,14.66,1.466
LW 125 20 1600S,LW 125 20 1600S,LW125201600S,Compression Spring,41,Stock,,No,Yes,Yes,Yes,Yes,Yes,Yes,Yes,Yes,NR,1.219,1.219,30.96,3.096,Reference,Reference,Reference,Reference,1.25,1.25,31.75,3.175,1,1,25.4,2.54,MIN,MIN,MIN,MIN,1.6,1.6,40.64,4.064,0.21,0.21,5.33,0.533,22,22,3.853,38.53,0.3929,3.929,392.88,3928.8,5.5,5.5,0.9632,9.632,0.09822,0.9822,98.219,982.19,0.255,0.255,6.48,0.648,0.015,0.015,0.38,0.038,Stainless Steel Type 17-7 PH,17-7 PH,29.59,29.59,131.62,13.422,13422.02,Plain (End Turn is Wavy),Factory Option,16,16,Reference,Reference,16,16,Passivate per ASTM A967,REDUX™ Wave Series (inch),AMS 5529,1.031,1.031,26.19,2.619,Reference,Reference,Reference,Reference,,0.035641,20,20,88.96,9.072,9072,0.692,0.692,17.58,1.758
LW 125 20 2000S,LW 125 20 2000S,LW125202000S,Compression Spring,41,Stock,,No,Yes,Yes,Yes,Yes,Yes,Yes,Yes,Yes,NR,1.219,1.219,30.96,3.096,Reference,Reference,Reference,Reference,1.25,1.25,31.75,3.175,1,1,25.4,2.54,MIN,MIN,MIN,MIN,2,2,50.8,5.08,0.25,0.25,6.35,0.635,18,18,3.152,31.52,0.3214,3.214,321.44,3214.4,4.5,4.5,0.7881,7.881,0.08036,0.8036,80.361,803.61,0.315,0.315,8,0.8,0.015,0.015,0.38,0.038,Stainless Steel Type 17-7 PH,17-7 PH,30.33,30.33,134.91,13.758,13757.69,Plain (End Turn is Wavy),Factory Option,20,20,Reference,Reference,20,20,Passivate per ASTM A967,REDUX™ Wave Series (inch),AMS 5529,1.031,1.031,26.19,2.619,Reference,Reference,Reference,Reference,,0.037107,20,20,88.96,9.072,9072,0.866,0.866,22,2.2
LW 125 30 0300S,LW 125 30 0300S,LW125300300S,Compression Spring,41,Stock,,No,Yes,Yes,Yes,Yes,Yes,Yes,Yes,Yes,NR,1.219,1.219,30.96,3.096,Reference,Reference,Reference,Reference,1.25,1.25,31.75,3.175,1,1,25.4,2.54,MIN,MIN,MIN,MIN,0.3,0.3,7.62,0.762,0.06,0.06,1.52,0.152,210,210,36.778,367.78,3.7502,37.502,3750.18,37501.8,52.5,52.5,9.1945,91.945,0.93755,9.3755,937.545,9375.45,0.076,0.076,1.93,0.193,0.019,0.019,0.48,0.048,Stainless Steel Type 17-7 PH,17-7 PH,47.04,47.04,209.24,21.337,21337.34,Plain (End Turn is Wavy),Factory Option,3,3,Reference,Reference,3,3,Passivate per ASTM A967,REDUX™ Wave Series (inch),AMS 5529,1.031,1.031,26.19,2.619,Reference,Reference,Reference,Reference,,0.008465,30,30,133.45,13.608,13608,0.158,0.158,4.01,0.401
LW 125 30 0400S,LW 125 30 0400S,LW125300400S,Compression Spring,41,Stock,,No,Yes,Yes,Yes,Yes,Yes,Yes,Yes,Yes,NR,1.219,1.219,30.96,3.096,Reference,Reference,Reference,Reference,1.25,1.25,31.75,3.175,1,1,25.4,2.54,MIN,MIN,MIN,MIN,0.4,0.4,10.16,1.016,0.06,0.06,1.52,0.152,158,158,27.671,276.71,2.8216,28.216,2821.56,28215.6,39.5,39.5,6.9178,69.178,0.70539,7.0539,705.391,7053.91,0.095,0.095,2.41,0.241,0.019,0.019,0.48,0.048,Stainless Steel Type 17-7 PH,17-7 PH,48.19,48.19,214.36,21.859,21858.98,Plain (End Turn is Wavy),Factory Option,4,4,Reference,Reference,4,4,Passivate per ASTM A967,REDUX™ Wave Series (inch),AMS 5529,1.031,1.031,26.19,2.619,Reference,Reference,Reference,Reference,,0.008286,30,30,133.45,13.608,13608,0.21,0.21,5.33,0.533
LW 125 30 0500S,LW 125 30 0500S,LW125300500S,Compression Spring,41,Stock,,No,Yes,Yes,Yes,Yes,Yes,Yes,Yes,Yes,NR,1.219,1.219,30.96,3.096,Reference,Reference,Reference,Reference,1.25,1.25,31.75,3.175,1,1,25.4,2.54,MIN,MIN,MIN,MIN,0.5,0.5,12.7,1.27,0.06,0.06,1.52,0.152,132,132,23.118,231.18,2.3573,23.573,2357.26,23572.6,33,33,5.7794,57.794,0.58931,5.8931,589.314,5893.14,0.114,0.114,2.9,0.29,0.019,0.019,0.48,0.048,Stainless Steel Type 17-7 PH,17-7 PH,50.952,50.952,226.65,23.112,23111.83,Plain (End Turn is Wavy),Factory Option,5,5,Reference,Reference,5,5,Passivate per ASTM A967,REDUX™ Wave Series (inch),AMS 5529,1.031,1.031,26.19,2.619,Reference,Reference,Reference,Reference,,0.014108,30,30,133.45,13.608,13608,0.272,0.272,6.91,0.691
LW 125 30 0600S,LW 125 30 0600S,LW125300600S,Compression Spring,41,Stock,,No,Yes,Yes,Yes,Yes,Yes,Yes,Yes,Yes,NR,1.219,1.219,30.96,3.096,Reference,Reference,Reference,Reference,1.25,1.25,31.75,3.175,1,1,25.4,2.54,MIN,MIN,MIN,MIN,0.6,0.6,15.24,1.524,0.09,0.09,2.29,0.229,107,107,18.739,187.39,1.9108,19.108,1910.81,19108.1,26.75,26.75,4.6848,46.848,0.4777,4.777,477.702,4777.02,0.133,0.133,3.38,0.338,0.019,0.019,0.48,0.048,Stainless Steel Type 17-7 PH,17-7 PH,49.969,49.969,222.27,22.666,22665.94,Plain (End Turn is Wavy),Factory Option,6,6,Reference,Reference,6,6,Passivate per ASTM A967,REDUX™ Wave Series (inch),AMS 5529,1.031,1.031,26.19,2.619,Reference,Reference,Reference,Reference,,0.014101,30,30,133.45,13.608,13608,0.32,0.32,8.13,0.813
LW 125 30 0700S,LW 125 30 0700S,LW125300700S,Compression Spring,41,Stock,,No,Yes,Yes,Yes,Yes,Yes,Yes,Yes,Yes,NR,1.219,1.219,30.96,3.096,Reference,Reference,Reference,Reference,1.25,1.25,31.75,3.175,1,1,25.4,2.54,MIN,MIN,MIN,MIN,0.7,0.7,17.78,1.778,0.09,0.09,2.29,0.229,95,95,16.638,166.38,1.6965,16.965,1696.51,16965.1,23.75,23.75,4.1594,41.594,0.42413,4.2413,424.128,4241.28,0.152,0.152,3.86,0.386,0.019,0.019,0.48,0.048,Stainless Steel Type 17-7 PH,17-7 PH,52.06,52.06,231.57,23.614,23614.42,Plain (End Turn is Wavy),Factory Option,7,7,Reference,Reference,7,7,Passivate per ASTM A967,REDUX™ Wave Series (inch),AMS 5529,1.031,1.031,26.19,2.619,Reference,Reference,Reference,Reference,,0.014501,30,30,133.45,13.608,13608,0.384,0.384,9.75,0.975
LW 125 30 0800S,LW 125 30 0800S,LW125300800S,Compression Spring,41,Stock,,No,Yes,Yes,Yes,Yes,Yes,Yes,Yes,Yes,NR,1.219,1.219,30.96,3.096,Reference,Reference,Reference,Reference,1.25,1.25,31.75,3.175,1,1,25.4,2.54,MIN,MIN,MIN,MIN,0.8,0.8,20.32,2.032,0.12,0.12,3.05,0.305,82,82,14.361,143.61,1.4644,14.644,1464.36,14643.6,20.5,20.5,3.5902,35.902,0.36609,3.6609,366.089,3660.89,0.171,0.171,4.34,0.434,0.019,0.019,0.48,0.048,Stainless Steel Type 17-7 PH,17-7 PH,51.578,51.578,229.43,23.396,23395.78,Plain (End Turn is Wavy),Factory Option,8,8,Reference,Reference,8,8,Passivate per ASTM A967,REDUX™ Wave Series (inch),AMS 5529,1.031,1.031,26.19,2.619,Reference,Reference,Reference,Reference,,0.018801,30,30,133.45,13.608,13608,0.433,0.433,11,1.1
LW 125 30 1000S,LW 125 30 1000S,LW125301000S,Compression Spring,41,Stock,,No,Yes,Yes,Yes,Yes,Yes,Yes,Yes,Yes,NR,1.219,1.219,30.96,3.096,Reference,Reference,Reference,Reference,1.25,1.25,31.75,3.175,1,1,25.4,2.54,MIN,MIN,MIN,MIN,1,1,25.4,2.54,0.12,0.12,3.05,0.305,65,65,11.384,113.84,1.1608,11.608,1160.77,11607.7,16.25,16.25,2.8459,28.459,0.29019,2.9019,290.193,2901.93,0.209,0.209,5.31,0.531,0.019,0.019,0.48,0.048,Stainless Steel Type 17-7 PH,17-7 PH,51.415,51.415,228.71,23.322,23321.84,Plain (End Turn is Wavy),Factory Option,10,10,Reference,Reference,10,10,Passivate per ASTM A967,REDUX™ Wave Series (inch),AMS 5529,1.031,1.031,26.19,2.619,Reference,Reference,Reference,Reference,,0.023501,30,30,133.45,13.608,13608,0.538,0.538,13.67,1.367
LW 125 30 1300S,LW 125 30 1300S,LW125301300S,Compression Spring,41,Stock,,No,Yes,Yes,Yes,Yes,Yes,Yes,Yes,Yes,NR,1.219,1.219,30.96,3.096,Reference,Reference,Reference,Reference,1.25,1.25,31.75,3.175,1,1,25.4,2.54,MIN,MIN,MIN,MIN,1.3,1.3,33.02,3.302,0.18,0.18,4.57,0.457,51,51,8.932,89.32,0.9108,9.108,910.76,9107.6,12.75,12.75,2.2329,22.329,0.22769,2.2769,227.69,2276.9,0.266,0.266,6.76,0.676,0.019,0.019,0.48,0.048,Stainless Steel Type 17-7 PH,17-7 PH,52.734,52.734,234.57,23.92,23920.14,Plain (End Turn is Wavy),Factory Option,13,13,Reference,Reference,13,13,Passivate per ASTM A967,REDUX™ Wave Series (inch),AMS 5529,1.031,1.031,26.19,2.619,Reference,Reference,Reference,Reference,,0.030552,30,30,133.45,13.608,13608,0.717,0.717,18.21,1.821
LW 125 30 1600S,LW 125 30 1600S,LW125301600S,Compression Spring,41,Stock,,No,Yes,Yes,Yes,Yes,Yes,Yes,Yes,Yes,NR,1.219,1.219,30.96,3.096,Reference,Reference,Reference,Reference,1.25,1.25,31.75,3.175,1,1,25.4,2.54,MIN,MIN,MIN,MIN,1.6,1.6,40.64,4.064,0.21,0.21,5.33,0.533,42,42,7.356,73.56,0.75,7.5,750.04,7500.4,10.5,10.5,1.8389,18.389,0.18751,1.8751,187.509,1875.09,0.323,0.323,8.2,0.82,0.019,0.019,0.48,0.048,Stainless Steel Type 17-7 PH,17-7 PH,53.634,53.634,238.58,24.328,24328.38,Plain (End Turn is Wavy),Factory Option,16,16,Reference,Reference,16,16,Passivate per ASTM A967,REDUX™ Wave Series (inch),AMS 5529,1.031,1.031,26.19,2.619,Reference,Reference,Reference,Reference,,0.033146,30,30,133.45,13.608,13608,0.878,0.878,22.3,2.23
LW 125 30 2000S,LW 125 30 2000S,LW125302000S,Compression Spring,41,Stock,,No,Yes,Yes,Yes,Yes,Yes,Yes,Yes,Yes,NR,1.219,1.219,30.96,3.096,Reference,Reference,Reference,Reference,1.25,1.25,31.75,3.175,1,1,25.4,2.54,MIN,MIN,MIN,MIN,2,2,50.8,5.08,0.25,0.25,6.35,0.635,33,33,5.779,57.79,0.5893,5.893,589.31,5893.1,8.25,8.25,1.4448,14.448,0.14733,1.4733,147.329,1473.29,0.399,0.399,10.14,1.014,0.019,0.019,0.48,0.048,Stainless Steel Type 17-7 PH,17-7 PH,52.833,52.833,235.01,23.965,23965.05,Plain (End Turn is Wavy),Factory Option,20,20,Reference,Reference,20,20,Passivate per ASTM A967,REDUX™ Wave Series (inch),AMS 5529,1.031,1.031,26.19,2.619,Reference,Reference,Reference,Reference,,0.047002,30,30,133.45,13.608,13608,1.103,1.103,28.02,2.802
LW 138 15 0300S,LW 138 15 0300S,LW138150300S,Compression Spring,41,Stock,,No,Yes,Yes,Yes,Yes,Yes,Yes,Yes,Yes,NR,1.324,1.324,33.63,3.363,Reference,Reference,Reference,Reference,1.375,1.375,34.93,3.493,1.03,1.03,26.16,2.616,MIN,MIN,MIN,MIN,0.3,0.3,7.62,0.762,0.06,0.06,1.52,0.152,67,67,11.734,117.34,1.1965,11.965,1196.49,11964.9,16.75,16.75,2.9335,29.335,0.29912,2.9912,299.122,2991.22,0.048,0.048,1.22,0.122,0.012,0.012,0.3,0.03,Stainless Steel Type 17-7 PH,17-7 PH,16.884,16.884,75.1,7.659,7658.58,Plain (End Turn is Wavy),Factory Option,3,3,Reference,Reference,3,3,Passivate per ASTM A967,REDUX™ Wave Series (inch),AMS 5529,1.08,1.08,27.43,2.743,Reference,Reference,Reference,Reference,,0.007417,15,15,66.72,6.804,6804,0.075,0.075,1.91,0.191
LW 138 15 0400S,LW 138 15 0400S,LW138150400S,Compression Spring,41,Stock,,No,Yes,Yes,Yes,Yes,Yes,Yes,Yes,Yes,NR,1.324,1.324,33.63,3.363,Reference,Reference,Reference,Reference,1.375,1.375,34.93,3.493,1.03,1.03,26.16,2.616,MIN,MIN,MIN,MIN,0.4,0.4,10.16,1.016,0.06,0.06,1.52,0.152,50,50,8.757,87.57,0.8929,8.929,892.9,8929,12.5,12.5,2.1892,21.892,0.22323,2.2323,223.225,2232.25,0.06,0.06,1.52,0.152,0.012,0.012,0.3,0.03,Stainless Steel Type 17-7 PH,17-7 PH,17,17,75.62,7.711,7711.2,Plain (End Turn is Wavy),Factory Option,4,4,Reference,Reference,4,4,Passivate per ASTM A967,REDUX™ Wave Series (inch),AMS 5529,1.08,1.08,27.43,2.743,Reference,Reference,Reference,Reference,,0.007378,15,15,66.72,6.804,6804,0.099,0.099,2.51,0.251
LW 138 15 0500S,LW 138 15 0500S,LW138150500S,Compression Spring,41,Stock,,No,Yes,Yes,Yes,Yes,Yes,Yes,Yes,Yes,NR,1.324,1.324,33.63,3.363,Reference,Reference,Reference,Reference,1.375,1.375,34.93,3.493,1.03,1.03,26.16,2.616,MIN,MIN,MIN,MIN,0.5,0.5,12.7,1.27,0.06,0.06,1.52,0.152,40,40,7.005,70.05,0.7143,7.143,714.32,7143.2,10,10,1.7513,17.513,0.17858,1.7858,178.58,1785.8,0.072,0.072,1.83,0.183,0.012,0.012,0.3,0.03,Stainless Steel Type 17-7 PH,17-7 PH,17.12,17.12,76.15,7.766,7765.63,Plain (End Turn is Wavy),Factory Option,5,5,Reference,Reference,5,5,Passivate per ASTM A967,REDUX™ Wave Series (inch),AMS 5529,1.08,1.08,27.43,2.743,Reference,Reference,Reference,Reference,,0.012361,15,15,66.72,6.804,6804,0.129,0.129,3.28,0.328
LW 138 15 0600S,LW 138 15 0600S,LW138150600S,Compression Spring,41,Stock,,No,Yes,Yes,Yes,Yes,Yes,Yes,Yes,Yes,NR,1.324,1.324,33.63,3.363,Reference,Reference,Reference,Reference,1.375,1.375,34.93,3.493,1.03,1.03,26.16,2.616,MIN,MIN,MIN,MIN,0.6,0.6,15.24,1.524,0.09,0.09,2.29,0.229,34,34,5.955,59.55,0.6072,6.072,607.17,6071.7,8.5,8.5,1.4886,14.886,0.15179,1.5179,151.793,1517.93,0.084,0.084,2.13,0.213,0.012,0.012,0.3,0.03,Stainless Steel Type 17-7 PH,17-7 PH,17.544,17.544,78.04,7.958,7957.96,Plain (End Turn is Wavy),Factory Option,6,6,Reference,Reference,6,6,Passivate per ASTM A967,REDUX™ Wave Series (inch),AMS 5529,1.08,1.08,27.43,2.743,Reference,Reference,Reference,Reference,,0.011068,15,15,66.72,6.804,6804,0.155,0.155,3.94,0.394
LW 138 15 0700S,LW 138 15 0700S,LW138150700S,Compression Spring,41,Stock,,No,Yes,Yes,Yes,Yes,Yes,Yes,Yes,Yes,NR,1.324,1.324,33.63,3.363,Reference,Reference,Reference,Reference,1.375,1.375,34.93,3.493,1.03,1.03,26.16,2.616,MIN,MIN,MIN,MIN,0.7,0.7,17.78,1.778,0.09,0.09,2.29,0.229,29,29,5.079,50.79,0.5179,5.179,517.88,5178.8,7.25,7.25,1.2697,12.697,0.12947,1.2947,129.471,1294.71,0.096,0.096,2.44,0.244,0.012,0.012,0.3,0.03,Stainless Steel Type 17-7 PH,17-7 PH,17.516,17.516,77.92,7.945,7945.26,Plain (End Turn is Wavy),Factory Option,7,7,Reference,Reference,7,7,Passivate per ASTM A967,REDUX™ Wave Series (inch),AMS 5529,1.08,1.08,27.43,2.743,Reference,Reference,Reference,Reference,,0.017305,15,15,66.72,6.804,6804,0.179,0.179,4.55,0.455
LW 138 15 0800S,LW 138 15 0800S,LW138150800S,Compression Spring,41,Stock,,No,Yes,Yes,Yes,Yes,Yes,Yes,Yes,Yes,NR,1.324,1.324,33.63,3.363,Reference,Reference,Reference,Reference,1.375,1.375,34.93,3.493,1.03,1.03,26.16,2.616,MIN,MIN,MIN,MIN,0.8,0.8,20.32,2.032,0.12,0.12,3.05,0.305,25,25,4.378,43.78,0.4465,4.465,446.45,4464.5,6.25,6.25,1.0946,10.946,0.11161,1.1161,111.613,1116.13,0.108,0.108,2.74,0.274,0.012,0.012,0.3,0.03,Stainless Steel Type 17-7 PH,17-7 PH,17.3,17.3,76.95,7.847,7847.28,Plain (End Turn is Wavy),Factory Option,8,8,Reference,Reference,8,8,Passivate per ASTM A967,REDUX™ Wave Series (inch),AMS 5529,1.08,1.08,27.43,2.743,Reference,Reference,Reference,Reference,,0.014757,15,15,66.72,6.804,6804,0.206,0.206,5.23,0.523
LW 138 15 1000S,LW 138 15 1000S,LW138151000S,Compression Spring,41,Stock,,No,Yes,Yes,Yes,Yes,Yes,Yes,Yes,Yes,NR,1.324,1.324,33.63,3.363,Reference,Reference,Reference,Reference,1.375,1.375,34.93,3.493,1.03,1.03,26.16,2.616,MIN,MIN,MIN,MIN,1,1,25.4,2.54,0.12,0.12,3.05,0.305,20,20,3.503,35.03,0.3572,3.572,357.16,3571.6,5,5,0.8757,8.757,0.08929,0.8929,89.29,892.9,0.132,0.132,3.35,0.335,0.012,0.012,0.3,0.03,Stainless Steel Type 17-7 PH,17-7 PH,17.36,17.36,77.22,7.874,7874.5,Plain (End Turn is Wavy),Factory Option,10,10,Reference,Reference,10,10,Passivate per ASTM A967,REDUX™ Wave Series (inch),AMS 5529,1.08,1.08,27.43,2.743,Reference,Reference,Reference,Reference,,0.024722,15,15,66.72,6.804,6804,0.256,0.256,6.5,0.65
LW 138 15 1300S,LW 138 15 1300S,LW138151300S,Compression Spring,41,Stock,,No,Yes,Yes,Yes,Yes,Yes,Yes,Yes,Yes,NR,1.324,1.324,33.63,3.363,Reference,Reference,Reference,Reference,1.375,1.375,34.93,3.493,1.03,1.03,26.16,2.616,MIN,MIN,MIN,MIN,1.3,1.3,33.02,3.302,0.18,0.18,4.57,0.457,16,16,2.802,28.02,0.2857,2.857,285.73,2857.3,4,4,0.7005,7.005,0.07143,0.7143,71.432,714.32,0.168,0.168,4.27,0.427,0.012,0.012,0.3,0.03,Stainless Steel Type 17-7 PH,17-7 PH,18.112,18.112,80.57,8.216,8215.6,Plain (End Turn is Wavy),Factory Option,13,13,Reference,Reference,13,13,Passivate per ASTM A967,REDUX™ Wave Series (inch),AMS 5529,1.08,1.08,27.43,2.743,Reference,Reference,Reference,Reference,,0.02398,15,15,66.72,6.804,6804,0.341,0.341,8.66,0.866
LW 138 15 1600S,LW 138 15 1600S,LW138151600S,Compression Spring,41,Stock,,No,Yes,Yes,Yes,Yes,Yes,Yes,Yes,Yes,NR,1.324,1.324,33.63,3.363,Reference,Reference,Reference,Reference,1.375,1.375,34.93,3.493,1.03,1.03,26.16,2.616,MIN,MIN,MIN,MIN,1.6,1.6,40.64,4.064,0.21,0.21,5.33,0.533,13,13,2.277,22.77,0.2322,2.322,232.15,2321.5,3.25,3.25,0.5692,5.692,0.05804,0.5804,58.039,580.39,0.204,0.204,5.18,0.518,0.012,0.012,0.3,0.03,Stainless Steel Type 17-7 PH,17-7 PH,18.148,18.148,80.73,8.232,8231.93,Plain (End Turn is Wavy),Factory Option,16,16,Reference,Reference,16,16,Passivate per ASTM A967,REDUX™ Wave Series (inch),AMS 5529,1.08,1.08,27.43,2.743,Reference,Reference,Reference,Reference,,0.039555,15,15,66.72,6.804,6804,0.424,0.424,10.77,1.077
LW 138 15 2000S,LW 138 15 2000S,LW138152000S,Compression Spring,41,Stock,,No,Yes,Yes,Yes,Yes,Yes,Yes,Yes,Yes,NR,1.324,1.324,33.63,3.363,Reference,Reference,Reference,Reference,1.375,1.375,34.93,3.493,1.03,1.03,26.16,2.616,MIN,MIN,MIN,MIN,2,2,50.8,5.08,0.25,0.25,6.35,0.635,10,10,1.751,17.51,0.1786,1.786,178.58,1785.8,2.5,2.5,0.4378,4.378,0.04465,0.4465,44.645,446.45,0.252,0.252,6.4,0.64,0.012,0.012,0.3,0.03,Stainless Steel Type 17-7 PH,17-7 PH,17.48,17.48,77.75,7.929,7928.93,Plain (End Turn is Wavy),Factory Option,20,20,Reference,Reference,20,20,Passivate per ASTM A967,REDUX™ Wave Series (inch),AMS 5529,1.08,1.08,27.43,2.743,Reference,Reference,Reference,Reference,,0.036892,15,15,66.72,6.804,6804,0.53,0.53,13.46,1.346
LW 138 25 0300S,LW 138 25 0300S,LW138250300S,Compression Spring,41,Stock,,No,Yes,Yes,Yes,Yes,Yes,Yes,Yes,Yes,NR,1.336,1.336,33.93,3.393,Reference,Reference,Reference,Reference,1.375,1.375,34.93,3.493,1.03,1.03,26.16,2.616,MIN,MIN,MIN,MIN,0.3,0.3,7.62,0.762,0.06,0.06,1.52,0.152,158,158,27.671,276.71,2.8216,28.216,2821.56,28215.6,39.5,39.5,6.9178,69.178,0.70539,7.0539,705.391,7053.91,0.064,0.064,1.63,0.163,0.016,0.016,0.41,0.041,Stainless Steel Type 17-7 PH,17-7 PH,37.288,37.288,165.87,16.914,16913.84,Plain (End Turn is Wavy),Factory Option,3,3,Reference,Reference,3,3,Passivate per ASTM A967,REDUX™ Wave Series (inch),AMS 5529,1.07,1.07,27.18,2.718,Reference,Reference,Reference,Reference,,0.01078,25,25,111.21,11.34,11340,0.142,0.142,3.61,0.361
LW 138 25 0400S,LW 138 25 0400S,LW138250400S,Compression Spring,41,Stock,,No,Yes,Yes,Yes,Yes,Yes,Yes,Yes,Yes,NR,1.336,1.336,33.93,3.393,Reference,Reference,Reference,Reference,1.375,1.375,34.93,3.493,1.03,1.03,26.16,2.616,MIN,MIN,MIN,MIN,0.4,0.4,10.16,1.016,0.06,0.06,1.52,0.152,117,117,20.491,204.91,2.0894,20.894,2089.39,20893.9,29.25,29.25,5.1226,51.226,0.52235,5.2235,522.347,5223.47,0.08,0.08,2.03,0.203,0.016,0.016,0.41,0.041,Stainless Steel Type 17-7 PH,17-7 PH,37.44,37.44,166.54,16.983,16982.78,Plain (End Turn is Wavy),Factory Option,4,4,Reference,Reference,4,4,Passivate per ASTM A967,REDUX™ Wave Series (inch),AMS 5529,1.07,1.07,27.18,2.718,Reference,Reference,Reference,Reference,,0.010812,25,25,111.21,11.34,11340,0.186,0.186,4.72,0.472
LW 138 25 0500S,LW 138 25 0500S,LW138250500S,Compression Spring,41,Stock,,No,Yes,Yes,Yes,Yes,Yes,Yes,Yes,Yes,NR,1.336,1.336,33.93,3.393,Reference,Reference,Reference,Reference,1.375,1.375,34.93,3.493,1.03,1.03,26.16,2.616,MIN,MIN,MIN,MIN,0.5,0.5,12.7,1.27,0.06,0.06,1.52,0.152,96,96,16.813,168.13,1.7144,17.144,1714.37,17143.7,24,24,4.2032,42.032,0.42859,4.2859,428.592,4285.92,0.096,0.096,2.44,0.244,0.016,0.016,0.41,0.041,Stainless Steel Type 17-7 PH,17-7 PH,38.784,38.784,172.52,17.592,17592.42,Plain (End Turn is Wavy),Factory Option,5,5,Reference,Reference,5,5,Passivate per ASTM A967,REDUX™ Wave Series (inch),AMS 5529,1.07,1.07,27.18,2.718,Reference,Reference,Reference,Reference,,0.017967,25,25,111.21,11.34,11340,0.24,0.24,6.1,0.61
LW 138 25 0600S,LW 138 25 0600S,LW138250600S,Compression Spring,41,Stock,,No,Yes,Yes,Yes,Yes,Yes,Yes,Yes,Yes,NR,1.336,1.336,33.93,3.393,Reference,Reference,Reference,Reference,1.375,1.375,34.93,3.493,1.03,1.03,26.16,2.616,MIN,MIN,MIN,MIN,0.6,0.6,15.24,1.524,0.09,0.09,2.29,0.229,78,78,13.66,136.6,1.3929,13.929,1392.92,13929.2,19.5,19.5,3.4151,34.151,0.34823,3.4823,348.231,3482.31,0.112,0.112,2.85,0.285,0.016,0.016,0.41,0.041,Stainless Steel Type 17-7 PH,17-7 PH,38.064,38.064,169.32,17.266,17265.83,Plain (End Turn is Wavy),Factory Option,6,6,Reference,Reference,6,6,Passivate per ASTM A967,REDUX™ Wave Series (inch),AMS 5529,1.07,1.07,27.18,2.718,Reference,Reference,Reference,Reference,,0.016219,25,25,111.21,11.34,11340,0.281,0.281,7.14,0.714
